year,month,NAO,EA,WP,EPNP,PNA,EAWR,SCAND,TNH,POL,PT,AO,NINO34,DMI,AMO,NCP,MOI
1870,1,,,,,,,,,,,,,-0.438,,,
1870,2,,,,,,,,,,,,,-0.337,,,
1870,3,,,,,,,,,,,,,0.177,,,
1870,4,,,,,,,,,,,,,-0.048,,,
1870,5,,,,,,,,,,,,,-0.48,,,
1870,6,,,,,,,,,,,,,-0.548,,,
1870,7,,,,,,,,,,,,,-0.65,,,
1870,8,,,,,,,,,,,,,-0.522,,,
1870,9,,,,,,,,,,,,,-0.728,,,
1870,10,,,,,,,,,,,,,-0.636,,,
1870,11,,,,,,,,,,,,,-0.401,,,
1870,12,,,,,,,,,,,,,-0.376,,,
1871,1,,,,,,,,,,,,,-0.273,,,
1871,2,,,,,,,,,,,,,-0.17,,,
1871,3,,,,,,,,,,,,,-0.212,,,
1871,4,,,,,,,,,,,,,-0.148,,,
1871,5,,,,,,,,,,,,,-0.115,,,
1871,6,,,,,,,,,,,,,-0.163,,,
1871,7,,,,,,,,,,,,,-0.444,,,
1871,8,,,,,,,,,,,,,-0.375,,,
1871,9,,,,,,,,,,,,,-0.336,,,
1871,10,,,,,,,,,,,,,-0.527,,,
1871,11,,,,,,,,,,,,,-0.217,,,
1871,12,,,,,,,,,,,,,-0.229,,,
1872,1,,,,,,,,,,,,,-0.037,,,
1872,2,,,,,,,,,,,,,0.041,,,
1872,3,,,,,,,,,,,,,-0.075,,,
1872,4,,,,,,,,,,,,,-0.083,,,
1872,5,,,,,,,,,,,,,-0.148,,,
1872,6,,,,,,,,,,,,,-0.083,,,
1872,7,,,,,,,,,,,,,-0.285,,,
1872,8,,,,,,,,,,,,,-0.325,,,
1872,9,,,,,,,,,,,,,-0.333,,,
1872,10,,,,,,,,,,,,,-0.27,,,
1872,11,,,,,,,,,,,,,-0.106,,,
1872,12,,,,,,,,,,,,,-0.11,,,
1873,1,,,,,,,,,,,,,0.063,,,
1873,2,,,,,,,,,,,,,-0.319,,,
1873,3,,,,,,,,,,,,,-0.404,,,
1873,4,,,,,,,,,,,,,-0.272,,,
1873,5,,,,,,,,,,,,,-0.411,,,
1873,6,,,,,,,,,,,,,-0.587,,,
1873,7,,,,,,,,,,,,,-0.69,,,
1873,8,,,,,,,,,,,,,-0.8,,,
1873,9,,,,,,,,,,,,,-0.694,,,
1873,10,,,,,,,,,,,,,-0.479,,,
1873,11,,,,,,,,,,,,,-0.353,,,
1873,12,,,,,,,,,,,,,-0.303,,,
1874,1,,,,,,,,,,,,,-0.381,,,
1874,2,,,,,,,,,,,,,-0.388,,,
1874,3,,,,,,,,,,,,,-0.586,,,
1874,4,,,,,,,,,,,,,-0.753,,,
1874,5,,,,,,,,,,,,,-0.441,,,
1874,6,,,,,,,,,,,,,-0.465,,,
1874,7,,,,,,,,,,,,,-0.338,,,
1874,8,,,,,,,,,,,,,-0.344,,,
1874,9,,,,,,,,,,,,,-0.814,,,
1874,10,,,,,,,,,,,,,-1.158,,,
1874,11,,,,,,,,,,,,,-0.603,,,
1874,12,,,,,,,,,,,,,-0.79,,,
1875,1,,,,,,,,,,,,,-0.449,,,
1875,2,,,,,,,,,,,,,-0.187,,,
1875,3,,,,,,,,,,,,,-0.098,,,
1875,4,,,,,,,,,,,,,0.029,,,
1875,5,,,,,,,,,,,,,-0.135,,,
1875,6,,,,,,,,,,,,,-0.093,,,
1875,7,,,,,,,,,,,,,-0.511,,,
1875,8,,,,,,,,,,,,,-0.248,,,
1875,9,,,,,,,,,,,,,-0.396,,,
1875,10,,,,,,,,,,,,,-0.658,,,
1875,11,,,,,,,,,,,,,-0.89,,,
1875,12,,,,,,,,,,,,,-0.46,,,
1876,1,,,,,,,,,,,,,-0.361,,,
1876,2,,,,,,,,,,,,,-0.504,,,
1876,3,,,,,,,,,,,,,-0.402,,,
1876,4,,,,,,,,,,,,,-0.476,,,
1876,5,,,,,,,,,,,,,-0.472,,,
1876,6,,,,,,,,,,,,,-0.423,,,
1876,7,,,,,,,,,,,,,-0.391,,,
1876,8,,,,,,,,,,,,,-0.267,,,
1876,9,,,,,,,,,,,,,-0.079,,,
1876,10,,,,,,,,,,,,,-0.213,,,
1876,11,,,,,,,,,,,,,-0.358,,,
1876,12,,,,,,,,,,,,,-0.297,,,
1877,1,,,,,,,,,,,,,-0.311,,,
1877,2,,,,,,,,,,,,,0.367,,,
1877,3,,,,,,,,,,,,,0.13,,,
1877,4,,,,,,,,,,,,,-0.28,,,
1877,5,,,,,,,,,,,,,-0.684,,,
1877,6,,,,,,,,,,,,,-0.49,,,
1877,7,,,,,,,,,,,,,-0.587,,,
1877,8,,,,,,,,,,,,,0.214,,,
1877,9,,,,,,,,,,,,,0.52,,,
1877,10,,,,,,,,,,,,,0.417,,,
1877,11,,,,,,,,,,,,,0.558,,,
1877,12,,,,,,,,,,,,,0.154,,,
1878,1,,,,,,,,,,,,,-0.261,,,
1878,2,,,,,,,,,,,,,-0.398,,,
1878,3,,,,,,,,,,,,,-0.015,,,
1878,4,,,,,,,,,,,,,-0.085,,,
1878,5,,,,,,,,,,,,,-0.354,,,
1878,6,,,,,,,,,,,,,-0.311,,,
1878,7,,,,,,,,,,,,,-0.383,,,
1878,8,,,,,,,,,,,,,-0.272,,,
1878,9,,,,,,,,,,,,,-0.208,,,
1878,10,,,,,,,,,,,,,-0.674,,,
1878,11,,,,,,,,,,,,,-0.461,,,
1878,12,,,,,,,,,,,,,-0.471,,,
1879,1,,,,,,,,,,,,,-0.428,,,
1879,2,,,,,,,,,,,,,-0.417,,,
1879,3,,,,,,,,,,,,,-0.453,,,
1879,4,,,,,,,,,,,,,-0.542,,,
1879,5,,,,,,,,,,,,,-0.513,,,
1879,6,,,,,,,,,,,,,-0.274,,,
1879,7,,,,,,,,,,,,,-0.374,,,
1879,8,,,,,,,,,,,,,-0.64,,,
1879,9,,,,,,,,,,,,,-0.59,,,
1879,10,,,,,,,,,,,,,-0.789,,,
1879,11,,,,,,,,,,,,,-0.761,,,
1879,12,,,,,,,,,,,,,-0.605,,,
1880,1,,,,,,,,,,,,,-0.463,,,
1880,2,,,,,,,,,,,,,-0.262,,,
1880,3,,,,,,,,,,,,,-0.327,,,
1880,4,,,,,,,,,,,,,0.002,,,
1880,5,,,,,,,,,,,,,-0.14,,,
1880,6,,,,,,,,,,,,,-0.3,,,
1880,7,,,,,,,,,,,,,-0.528,,,
1880,8,,,,,,,,,,,,,-0.586,,,
1880,9,,,,,,,,,,,,,-0.574,,,
1880,10,,,,,,,,,,,,,-0.755,,,
1880,11,,,,,,,,,,,,,-0.553,,,
1880,12,,,,,,,,,,,,,-0.348,,,
1881,1,,,,,,,,,,,,,-0.174,,,
1881,2,,,,,,,,,,,,,-0.507,,,
1881,3,,,,,,,,,,,,,-0.349,,,
1881,4,,,,,,,,,,,,,-0.45,,,
1881,5,,,,,,,,,,,,,-0.14,,,
1881,6,,,,,,,,,,,,,0.179,,,
1881,7,,,,,,,,,,,,,-0.116,,,
1881,8,,,,,,,,,,,,,-0.078,,,
1881,9,,,,,,,,,,,,,-0.298,,,
1881,10,,,,,,,,,,,,,-0.462,,,
1881,11,,,,,,,,,,,,,-0.376,,,
1881,12,,,,,,,,,,,,,-0.496,,,
1882,1,,,,,,,,,,,,,-0.558,,,
1882,2,,,,,,,,,,,,,-0.68,,,
1882,3,,,,,,,,,,,,,-0.149,,,
1882,4,,,,,,,,,,,,,-0.134,,,
1882,5,,,,,,,,,,,,,-0.068,,,
1882,6,,,,,,,,,,,,,-0.071,,,
1882,7,,,,,,,,,,,,,-0.233,,,
1882,8,,,,,,,,,,,,,-0.496,,,
1882,9,,,,,,,,,,,,,-0.652,,,
1882,10,,,,,,,,,,,,,-0.51,,,
1882,11,,,,,,,,,,,,,-0.377,,,
1882,12,,,,,,,,,,,,,-0.431,,,
1883,1,,,,,,,,,,,,,-0.706,,,
1883,2,,,,,,,,,,,,,-0.207,,,
1883,3,,,,,,,,,,,,,-0.303,,,
1883,4,,,,,,,,,,,,,-0.127,,,
1883,5,,,,,,,,,,,,,-0.19,,,
1883,6,,,,,,,,,,,,,-0.084,,,
1883,7,,,,,,,,,,,,,-0.288,,,
1883,8,,,,,,,,,,,,,-0.125,,,
1883,9,,,,,,,,,,,,,-0.502,,,
1883,10,,,,,,,,,,,,,-0.348,,,
1883,11,,,,,,,,,,,,,-0.359,,,
1883,12,,,,,,,,,,,,,-0.325,,,
1884,1,,,,,,,,,,,,,-0.408,,,
1884,2,,,,,,,,,,,,,-0.183,,,
1884,3,,,,,,,,,,,,,-0.312,,,
1884,4,,,,,,,,,,,,,0.075,,,
1884,5,,,,,,,,,,,,,0.249,,,
1884,6,,,,,,,,,,,,,-0.203,,,
1884,7,,,,,,,,,,,,,-0.003,,,
1884,8,,,,,,,,,,,,,-0.306,,,
1884,9,,,,,,,,,,,,,-0.471,,,
1884,10,,,,,,,,,,,,,-0.368,,,
1884,11,,,,,,,,,,,,,-0.474,,,
1884,12,,,,,,,,,,,,,-0.417,,,
1885,1,,,,,,,,,,,,,-0.463,,,
1885,2,,,,,,,,,,,,,-0.09,,,
1885,3,,,,,,,,,,,,,-0.169,,,
1885,4,,,,,,,,,,,,,-0.198,,,
1885,5,,,,,,,,,,,,,-0.199,,,
1885,6,,,,,,,,,,,,,-0.13,,,
1885,7,,,,,,,,,,,,,-0.218,,,
1885,8,,,,,,,,,,,,,-0.229,,,
1885,9,,,,,,,,,,,,,-0.351,,,
1885,10,,,,,,,,,,,,,-0.219,,,
1885,11,,,,,,,,,,,,,-0.475,,,
1885,12,,,,,,,,,,,,,-0.385,,,
1886,1,,,,,,,,,,,,,-0.613,,,
1886,2,,,,,,,,,,,,,-0.766,,,
1886,3,,,,,,,,,,,,,-0.455,,,
1886,4,,,,,,,,,,,,,-0.282,,,
1886,5,,,,,,,,,,,,,-0.445,,,
1886,6,,,,,,,,,,,,,-0.347,,,
1886,7,,,,,,,,,,,,,-0.725,,,
1886,8,,,,,,,,,,,,,-0.918,,,
1886,9,,,,,,,,,,,,,-0.989,,,
1886,10,,,,,,,,,,,,,-0.897,,,
1886,11,,,,,,,,,,,,,-0.684,,,
1886,12,,,,,,,,,,,,,-0.56,,,
1887,1,,,,,,,,,,,,,-0.459,,,
1887,2,,,,,,,,,,,,,-0.389,,,
1887,3,,,,,,,,,,,,,-0.282,,,
1887,4,,,,,,,,,,,,,-0.258,,,
1887,5,,,,,,,,,,,,,-0.291,,,
1887,6,,,,,,,,,,,,,-0.172,,,
1887,7,,,,,,,,,,,,,-0.233,,,
1887,8,,,,,,,,,,,,,-0.01,,,
1887,9,,,,,,,,,,,,,-0.286,,,
1887,10,,,,,,,,,,,,,-0.517,,,
1887,11,,,,,,,,,,,,,-0.289,,,
1887,12,,,,,,,,,,,,,-0.295,,,
1888,1,,,,,,,,,,,,,-0.34,,,
1888,2,,,,,,,,,,,,,-0.603,,,
1888,3,,,,,,,,,,,,,-0.733,,,
1888,4,,,,,,,,,,,,,-0.862,,,
1888,5,,,,,,,,,,,,,-0.504,,,
1888,6,,,,,,,,,,,,,-0.424,,,
1888,7,,,,,,,,,,,,,-0.449,,,
1888,8,,,,,,,,,,,,,-0.37,,,
1888,9,,,,,,,,,,,,,-0.526,,,
1888,10,,,,,,,,,,,,,-0.436,,,
1888,11,,,,,,,,,,,,,-0.553,,,
1888,12,,,,,,,,,,,,,-0.452,,,
1889,1,,,,,,,,,,,,,-0.663,,,
1889,2,,,,,,,,,,,,,-0.246,,,
1889,3,,,,,,,,,,,,,-0.653,,,
1889,4,,,,,,,,,,,,,-0.818,,,
1889,5,,,,,,,,,,,,,-0.664,,,
1889,6,,,,,,,,,,,,,-0.562,,,
1889,7,,,,,,,,,,,,,-0.515,,,
1889,8,,,,,,,,,,,,,-0.664,,,
1889,9,,,,,,,,,,,,,-0.911,,,
1889,10,,,,,,,,,,,,,-1.139,,,
1889,11,,,,,,,,,,,,,-0.871,,,
1889,12,,,,,,,,,,,,,-0.41,,,
1890,1,,,,,,,,,,,,,-0.105,,,
1890,2,,,,,,,,,,,,,-0.066,,,
1890,3,,,,,,,,,,,,,-0.199,,,
1890,4,,,,,,,,,,,,,-0.202,,,
1890,5,,,,,,,,,,,,,-0.336,,,
1890,6,,,,,,,,,,,,,-0.769,,,
1890,7,,,,,,,,,,,,,-0.917,,,
1890,8,,,,,,,,,,,,,-0.706,,,
1890,9,,,,,,,,,,,,,-1.091,,,
1890,10,,,,,,,,,,,,,-1.167,,,
1890,11,,,,,,,,,,,,,-0.906,,,
1890,12,,,,,,,,,,,,,-0.583,,,
1891,1,,,,,,,,,,,,,-0.319,,,
1891,2,,,,,,,,,,,,,-0.573,,,
1891,3,,,,,,,,,,,,,-0.612,,,
1891,4,,,,,,,,,,,,,-0.286,,,
1891,5,,,,,,,,,,,,,-0.325,,,
1891,6,,,,,,,,,,,,,-0.099,,,
1891,7,,,,,,,,,,,,,-0.302,,,
1891,8,,,,,,,,,,,,,-0.006,,,
1891,9,,,,,,,,,,,,,-0.067,,,
1891,10,,,,,,,,,,,,,-0.117,,,
1891,11,,,,,,,,,,,,,-0.13,,,
1891,12,,,,,,,,,,,,,0.068,,,
1892,1,,,,,,,,,,,,,-0.233,,,
1892,2,,,,,,,,,,,,,-0.323,,,
1892,3,,,,,,,,,,,,,-0.208,,,
1892,4,,,,,,,,,,,,,-0.318,,,
1892,5,,,,,,,,,,,,,-0.286,,,
1892,6,,,,,,,,,,,,,-0.487,,,
1892,7,,,,,,,,,,,,,-0.659,,,
1892,8,,,,,,,,,,,,,-1.041,,,
1892,9,,,,,,,,,,,,,-1.181,,,
1892,10,,,,,,,,,,,,,-0.815,,,
1892,11,,,,,,,,,,,,,-0.454,,,
1892,12,,,,,,,,,,,,,-0.496,,,
1893,1,,,,,,,,,,,,,-0.446,,,
1893,2,,,,,,,,,,,,,-0.469,,,
1893,3,,,,,,,,,,,,,-0.413,,,
1893,4,,,,,,,,,,,,,-0.583,,,
1893,5,,,,,,,,,,,,,-0.523,,,
1893,6,,,,,,,,,,,,,-0.526,,,
1893,7,,,,,,,,,,,,,-0.549,,,
1893,8,,,,,,,,,,,,,-0.757,,,
1893,9,,,,,,,,,,,,,-0.692,,,
1893,10,,,,,,,,,,,,,-0.796,,,
1893,11,,,,,,,,,,,,,-0.518,,,
1893,12,,,,,,,,,,,,,-0.364,,,
1894,1,,,,,,,,,,,,,-0.077,,,
1894,2,,,,,,,,,,,,,-0.261,,,
1894,3,,,,,,,,,,,,,-0.264,,,
1894,4,,,,,,,,,,,,,-0.316,,,
1894,5,,,,,,,,,,,,,-0.213,,,
1894,6,,,,,,,,,,,,,-0.095,,,
1894,7,,,,,,,,,,,,,-0.18,,,
1894,8,,,,,,,,,,,,,0.125,,,
1894,9,,,,,,,,,,,,,-0.329,,,
1894,10,,,,,,,,,,,,,-0.326,,,
1894,11,,,,,,,,,,,,,-0.275,,,
1894,12,,,,,,,,,,,,,-0.251,,,
1895,1,,,,,,,,,,,,,-0.184,,,
1895,2,,,,,,,,,,,,,-0.056,,,
1895,3,,,,,,,,,,,,,-0.108,,,
1895,4,,,,,,,,,,,,,-0.177,,,
1895,5,,,,,,,,,,,,,-0.157,,,
1895,6,,,,,,,,,,,,,-0.105,,,
1895,7,,,,,,,,,,,,,-0.41,,,
1895,8,,,,,,,,,,,,,-0.071,,,
1895,9,,,,,,,,,,,,,-0.306,,,
1895,10,,,,,,,,,,,,,-0.155,,,
1895,11,,,,,,,,,,,,,-0.482,,,
1895,12,,,,,,,,,,,,,-0.372,,,
1896,1,,,,,,,,,,,,,-0.386,,,
1896,2,,,,,,,,,,,,,-0.587,,,
1896,3,,,,,,,,,,,,,-0.562,,,
1896,4,,,,,,,,,,,,,-0.292,,,
1896,5,,,,,,,,,,,,,-0.216,,,
1896,6,,,,,,,,,,,,,-0.156,,,
1896,7,,,,,,,,,,,,,-0.1,,,
1896,8,,,,,,,,,,,,,-0.132,,,
1896,9,,,,,,,,,,,,,-0.011,,,
1896,10,,,,,,,,,,,,,0.302,,,
1896,11,,,,,,,,,,,,,0.04,,,
1896,12,,,,,,,,,,,,,0.097,,,
1897,1,,,,,,,,,,,,,-0.183,,,
1897,2,,,,,,,,,,,,,-0.314,,,
1897,3,,,,,,,,,,,,,-0.284,,,
1897,4,,,,,,,,,,,,,-0.178,,,
1897,5,,,,,,,,,,,,,-0.184,,,
1897,6,,,,,,,,,,,,,-0.252,,,
1897,7,,,,,,,,,,,,,-0.245,,,
1897,8,,,,,,,,,,,,,-0.22,,,
1897,9,,,,,,,,,,,,,-0.56,,,
1897,10,,,,,,,,,,,,,-1.125,,,
1897,11,,,,,,,,,,,,,-0.904,,,
1897,12,,,,,,,,,,,,,-0.744,,,
1898,1,,,,,,,,,,,,,-0.549,,,
1898,2,,,,,,,,,,,,,-0.445,,,
1898,3,,,,,,,,,,,,,-0.331,,,
1898,4,,,,,,,,,,,,,-0.379,,,
1898,5,,,,,,,,,,,,,-0.494,,,
1898,6,,,,,,,,,,,,,-0.432,,,
1898,7,,,,,,,,,,,,,-0.823,,,
1898,8,,,,,,,,,,,,,-0.819,,,
1898,9,,,,,,,,,,,,,-0.889,,,
1898,10,,,,,,,,,,,,,-0.917,,,
1898,11,,,,,,,,,,,,,-0.661,,,
1898,12,,,,,,,,,,,,,-0.473,,,
1899,1,,,,,,,,,,,,,-0.419,,,
1899,2,,,,,,,,,,,,,-0.293,,,
1899,3,,,,,,,,,,,,,-0.177,,,
1899,4,,,,,,,,,,,,,-0.13,,,
1899,5,,,,,,,,,,,,,-0.091,,,
1899,6,,,,,,,,,,,,,-0.375,,,
1899,7,,,,,,,,,,,,,-0.573,,,
1899,8,,,,,,,,,,,,,-0.452,,,
1899,9,,,,,,,,,,,,,-0.934,,,
1899,10,,,,,,,,,,,,,-0.428,,,
1899,11,,,,,,,,,,,,,-0.437,,,
1899,12,,,,,,,,,,,,,-0.743,,,
1900,1,,,,,,,,,,,,,-0.469,,,
1900,2,,,,,,,,,,,,,-0.294,,,
1900,3,,,,,,,,,,,,,-0.465,,,
1900,4,,,,,,,,,,,,,-0.319,,,
1900,5,,,,,,,,,,,,,-0.16,,,
1900,6,,,,,,,,,,,,,-0.042,,,
1900,7,,,,,,,,,,,,,-0.318,,,
1900,8,,,,,,,,,,,,,-0.49,,,
1900,9,,,,,,,,,,,,,-0.538,,,
1900,10,,,,,,,,,,,,,-0.429,,,
1900,11,,,,,,,,,,,,,-0.196,,,
1900,12,,,,,,,,,,,,,-0.633,,,
1901,1,,,,,,,,,,,,,-0.541,,,
1901,2,,,,,,,,,,,,,-0.868,,,
1901,3,,,,,,,,,,,,,-0.72,,,
1901,4,,,,,,,,,,,,,-0.513,,,
1901,5,,,,,,,,,,,,,-0.553,,,
1901,6,,,,,,,,,,,,,-0.618,,,
1901,7,,,,,,,,,,,,,-0.712,,,
1901,8,,,,,,,,,,,,,-0.825,,,
1901,9,,,,,,,,,,,,,-1.029,,,
1901,10,,,,,,,,,,,,,-0.774,,,
1901,11,,,,,,,,,,,,,-0.741,,,
1901,12,,,,,,,,,,,,,-0.681,,,
1902,1,,,,,,,,,,,,,-0.473,,,
1902,2,,,,,,,,,,,,,-0.453,,,
1902,3,,,,,,,,,,,,,-0.251,,,
1902,4,,,,,,,,,,,,,0.051,,,
1902,5,,,,,,,,,,,,,-0.042,,,
1902,6,,,,,,,,,,,,,-0.09,,,
1902,7,,,,,,,,,,,,,-0.07,,,
1902,8,,,,,,,,,,,,,0.333,,,
1902,9,,,,,,,,,,,,,0.209,,,
1902,10,,,,,,,,,,,,,-0.238,,,
1902,11,,,,,,,,,,,,,-0.047,,,
1902,12,,,,,,,,,,,,,-0.266,,,
1903,1,,,,,,,,,,,,,-0.479,,,
1903,2,,,,,,,,,,,,,-0.571,,,
1903,3,,,,,,,,,,,,,-0.365,,,
1903,4,,,,,,,,,,,,,-0.628,,,
1903,5,,,,,,,,,,,,,-0.267,,,
1903,6,,,,,,,,,,,,,-0.335,,,
1903,7,,,,,,,,,,,,,-0.614,,,
1903,8,,,,,,,,,,,,,-0.452,,,
1903,9,,,,,,,,,,,,,-0.69,,,
1903,10,,,,,,,,,,,,,-1.035,,,
1903,11,,,,,,,,,,,,,-0.628,,,
1903,12,,,,,,,,,,,,,-0.441,,,
1904,1,,,,,,,,,,,,,-0.219,,,
1904,2,,,,,,,,,,,,,-0.233,,,
1904,3,,,,,,,,,,,,,-0.218,,,
1904,4,,,,,,,,,,,,,-0.03,,,
1904,5,,,,,,,,,,,,,-0.258,,,
1904,6,,,,,,,,,,,,,-0.286,,,
1904,7,,,,,,,,,,,,,-0.287,,,
1904,8,,,,,,,,,,,,,-0.413,,,
1904,9,,,,,,,,,,,,,-0.678,,,
1904,10,,,,,,,,,,,,,-0.237,,,
1904,11,,,,,,,,,,,,,-0.352,,,
1904,12,,,,,,,,,,,,,-0.644,,,
1905,1,,,,,,,,,,,,,-0.601,,,
1905,2,,,,,,,,,,,,,-0.372,,,
1905,3,,,,,,,,,,,,,-0.472,,,
1905,4,,,,,,,,,,,,,-0.468,,,
1905,5,,,,,,,,,,,,,-0.205,,,
1905,6,,,,,,,,,,,,,-0.448,,,
1905,7,,,,,,,,,,,,,-0.275,,,
1905,8,,,,,,,,,,,,,-0.22,,,
1905,9,,,,,,,,,,,,,0.024,,,
1905,10,,,,,,,,,,,,,-0.462,,,
1905,11,,,,,,,,,,,,,-0.436,,,
1905,12,,,,,,,,,,,,,-0.56,,,
1906,1,,,,,,,,,,,,,-0.605,,,
1906,2,,,,,,,,,,,,,-0.485,,,
1906,3,,,,,,,,,,,,,-0.51,,,
1906,4,,,,,,,,,,,,,-0.788,,,
1906,5,,,,,,,,,,,,,-0.425,,,
1906,6,,,,,,,,,,,,,-0.39,,,
1906,7,,,,,,,,,,,,,-0.986,,,
1906,8,,,,,,,,,,,,,-1.085,,,
1906,9,,,,,,,,,,,,,-1.634,,,
1906,10,,,,,,,,,,,,,-1.012,,,
1906,11,,,,,,,,,,,,,-0.795,,,
1906,12,,,,,,,,,,,,,-0.349,,,
1907,1,,,,,,,,,,,,,-0.37,,,
1907,2,,,,,,,,,,,,,-0.185,,,
1907,3,,,,,,,,,,,,,-0.052,,,
1907,4,,,,,,,,,,,,,-0.367,,,
1907,5,,,,,,,,,,,,,-0.308,,,
1907,6,,,,,,,,,,,,,-0.346,,,
1907,7,,,,,,,,,,,,,-0.602,,,
1907,8,,,,,,,,,,,,,-0.933,,,
1907,9,,,,,,,,,,,,,-0.526,,,
1907,10,,,,,,,,,,,,,-0.403,,,
1907,11,,,,,,,,,,,,,-0.388,,,
1907,12,,,,,,,,,,,,,-0.221,,,
1908,1,,,,,,,,,,,,,-0.392,,,
1908,2,,,,,,,,,,,,,-0.35,,,
1908,3,,,,,,,,,,,,,-0.251,,,
1908,4,,,,,,,,,,,,,-0.789,,,
1908,5,,,,,,,,,,,,,-0.23,,,
1908,6,,,,,,,,,,,,,0.042,,,
1908,7,,,,,,,,,,,,,-0.598,,,
1908,8,,,,,,,,,,,,,-0.461,,,
1908,9,,,,,,,,,,,,,-0.317,,,
1908,10,,,,,,,,,,,,,-0.468,,,
1908,11,,,,,,,,,,,,,-0.507,,,
1908,12,,,,,,,,,,,,,-0.582,,,
1909,1,,,,,,,,,,,,,-0.733,,,
1909,2,,,,,,,,,,,,,-0.5,,,
1909,3,,,,,,,,,,,,,-0.559,,,
1909,4,,,,,,,,,,,,,-0.444,,,
1909,5,,,,,,,,,,,,,-0.801,,,
1909,6,,,,,,,,,,,,,-0.917,,,
1909,7,,,,,,,,,,,,,-1.032,,,
1909,8,,,,,,,,,,,,,-0.986,,,
1909,9,,,,,,,,,,,,,-0.919,,,
1909,10,,,,,,,,,,,,,-0.73,,,
1909,11,,,,,,,,,,,,,-0.424,,,
1909,12,,,,,,,,,,,,,-0.256,,,
1910,1,,,,,,,,,,,,,-0.551,,,
1910,2,,,,,,,,,,,,,-0.168,,,
1910,3,,,,,,,,,,,,,-0.489,,,
1910,4,,,,,,,,,,,,,-0.394,,,
1910,5,,,,,,,,,,,,,-0.531,,,
1910,6,,,,,,,,,,,,,-0.459,,,
1910,7,,,,,,,,,,,,,-1.036,,,
1910,8,,,,,,,,,,,,,-0.82,,,
1910,9,,,,,,,,,,,,,-1.022,,,
1910,10,,,,,,,,,,,,,-1.053,,,
1910,11,,,,,,,,,,,,,-0.682,,,
1910,12,,,,,,,,,,,,,-0.296,,,
1911,1,,,,,,,,,,,,,-0.195,,,
1911,2,,,,,,,,,,,,,-0.487,,,
1911,3,,,,,,,,,,,,,-0.735,,,
1911,4,,,,,,,,,,,,,-0.744,,,
1911,5,,,,,,,,,,,,,-0.435,,,
1911,6,,,,,,,,,,,,,-0.814,,,
1911,7,,,,,,,,,,,,,-0.774,,,
1911,8,,,,,,,,,,,,,-0.586,,,
1911,9,,,,,,,,,,,,,-0.544,,,
1911,10,,,,,,,,,,,,,-0.669,,,
1911,11,,,,,,,,,,,,,-0.229,,,
1911,12,,,,,,,,,,,,,-0.153,,,
1912,1,,,,,,,,,,,,,-0.252,,,
1912,2,,,,,,,,,,,,,-0.302,,,
1912,3,,,,,,,,,,,,,-0.052,,,
1912,4,,,,,,,,,,,,,-0.257,,,
1912,5,,,,,,,,,,,,,-0.061,,,
1912,6,,,,,,,,,,,,,-0.002,,,
1912,7,,,,,,,,,,,,,-0.672,,,
1912,8,,,,,,,,,,,,,-0.767,,,
1912,9,,,,,,,,,,,,,-0.725,,,
1912,10,,,,,,,,,,,,,-0.609,,,
1912,11,,,,,,,,,,,,,-0.734,,,
1912,12,,,,,,,,,,,,,-0.503,,,
1913,1,,,,,,,,,,,,,-0.236,,,
1913,2,,,,,,,,,,,,,-0.136,,,
1913,3,,,,,,,,,,,,,-0.135,,,
1913,4,,,,,,,,,,,,,-0.266,,,
1913,5,,,,,,,,,,,,,-0.187,,,
1913,6,,,,,,,,,,,,,0.101,,,
1913,7,,,,,,,,,,,,,-0.338,,,
1913,8,,,,,,,,,,,,,-0.482,,,
1913,9,,,,,,,,,,,,,-0.468,,,
1913,10,,,,,,,,,,,,,-0.135,,,
1913,11,,,,,,,,,,,,,-0.24,,,
1913,12,,,,,,,,,,,,,-0.248,,,
1914,1,,,,,,,,,,,,,-0.288,,,
1914,2,,,,,,,,,,,,,-0.172,,,
1914,3,,,,,,,,,,,,,-0.353,,,
1914,4,,,,,,,,,,,,,-0.238,,,
1914,5,,,,,,,,,,,,,-0.106,,,
1914,6,,,,,,,,,,,,,0.554,,,
1914,7,,,,,,,,,,,,,0.102,,,
1914,8,,,,,,,,,,,,,-0.024,,,
1914,9,,,,,,,,,,,,,-0.066,,,
1914,10,,,,,,,,,,,,,-0.057,,,
1914,11,,,,,,,,,,,,,-0.558,,,
1914,12,,,,,,,,,,,,,-0.711,,,
1915,1,,,,,,,,,,,,,-0.629,,,
1915,2,,,,,,,,,,,,,-0.688,,,
1915,3,,,,,,,,,,,,,-0.402,,,
1915,4,,,,,,,,,,,,,-0.28,,,
1915,5,,,,,,,,,,,,,-0.495,,,
1915,6,,,,,,,,,,,,,-0.203,,,
1915,7,,,,,,,,,,,,,-0.705,,,
1915,8,,,,,,,,,,,,,-0.44,,,
1915,9,,,,,,,,,,,,,-0.377,,,
1915,10,,,,,,,,,,,,,-0.316,,,
1915,11,,,,,,,,,,,,,-0.227,,,
1915,12,,,,,,,,,,,,,-0.026,,,
1916,1,,,,,,,,,,,,,-0.13,,,
1916,2,,,,,,,,,,,,,-0.031,,,
1916,3,,,,,,,,,,,,,0.058,,,
1916,4,,,,,,,,,,,,,0.139,,,
1916,5,,,,,,,,,,,,,-0.156,,,
1916,6,,,,,,,,,,,,,-0.398,,,
1916,7,,,,,,,,,,,,,-0.686,,,
1916,8,,,,,,,,,,,,,-0.852,,,
1916,9,,,,,,,,,,,,,-1.268,,,
1916,10,,,,,,,,,,,,,-0.97,,,
1916,11,,,,,,,,,,,,,-0.706,,,
1916,12,,,,,,,,,,,,,-0.28,,,
1917,1,,,,,,,,,,,,,-0.03,,,
1917,2,,,,,,,,,,,,,-0.047,,,
1917,3,,,,,,,,,,,,,-0.092,,,
1917,4,,,,,,,,,,,,,-0.236,,,
1917,5,,,,,,,,,,,,,-0.408,,,
1917,6,,,,,,,,,,,,,-0.341,,,
1917,7,,,,,,,,,,,,,-0.591,,,
1917,8,,,,,,,,,,,,,-0.435,,,
1917,9,,,,,,,,,,,,,-0.872,,,
1917,10,,,,,,,,,,,,,-1.065,,,
1917,11,,,,,,,,,,,,,-0.897,,,
1917,12,,,,,,,,,,,,,-0.67,,,
1918,1,,,,,,,,,,,,,0.013,,,
1918,2,,,,,,,,,,,,,0.136,,,
1918,3,,,,,,,,,,,,,0.107,,,
1918,4,,,,,,,,,,,,,-0.294,,,
1918,5,,,,,,,,,,,,,-0.42,,,
1918,6,,,,,,,,,,,,,-0.203,,,
1918,7,,,,,,,,,,,,,-0.129,,,
1918,8,,,,,,,,,,,,,-0.078,,,
1918,9,,,,,,,,,,,,,-0.0,,,
1918,10,,,,,,,,,,,,,0.152,,,
1918,11,,,,,,,,,,,,,0.195,,,
1918,12,,,,,,,,,,,,,0.057,,,
1919,1,,,,,,,,,,,,,-0.027,,,
1919,2,,,,,,,,,,,,,-0.116,,,
1919,3,,,,,,,,,,,,,-0.269,,,
1919,4,,,,,,,,,,,,,-0.407,,,
1919,5,,,,,,,,,,,,,-0.4,,,
1919,6,,,,,,,,,,,,,-0.356,,,
1919,7,,,,,,,,,,,,,-0.176,,,
1919,8,,,,,,,,,,,,,-0.319,,,
1919,9,,,,,,,,,,,,,-0.22,,,
1919,10,,,,,,,,,,,,,-0.349,,,
1919,11,,,,,,,,,,,,,-0.262,,,
1919,12,,,,,,,,,,,,,-0.406,,,
1920,1,,,,,,,,,,,,,0.018,,,
1920,2,,,,,,,,,,,,,0.054,,,
1920,3,,,,,,,,,,,,,0.14,,,
1920,4,,,,,,,,,,,,,0.058,,,
1920,5,,,,,,,,,,,,,0.27,,,
1920,6,,,,,,,,,,,,,-0.057,,,
1920,7,,,,,,,,,,,,,-0.589,,,
1920,8,,,,,,,,,,,,,-0.601,,,
1920,9,,,,,,,,,,,,,-0.609,,,
1920,10,,,,,,,,,,,,,-0.446,,,
1920,11,,,,,,,,,,,,,-0.576,,,
1920,12,,,,,,,,,,,,,-0.388,,,
1921,1,,,,,,,,,,,,,-0.296,,,
1921,2,,,,,,,,,,,,,-0.164,,,
1921,3,,,,,,,,,,,,,-0.081,,,
1921,4,,,,,,,,,,,,,-0.189,,,
1921,5,,,,,,,,,,,,,-0.042,,,
1921,6,,,,,,,,,,,,,-0.214,,,
1921,7,,,,,,,,,,,,,-0.442,,,
1921,8,,,,,,,,,,,,,-0.931,,,
1921,9,,,,,,,,,,,,,-0.548,,,
1921,10,,,,,,,,,,,,,-0.474,,,
1921,11,,,,,,,,,,,,,-0.484,,,
1921,12,,,,,,,,,,,,,-0.383,,,
1922,1,,,,,,,,,,,,,-0.382,,,
1922,2,,,,,,,,,,,,,-0.197,,,
1922,3,,,,,,,,,,,,,0.079,,,
1922,4,,,,,,,,,,,,,-0.39,,,
1922,5,,,,,,,,,,,,,-0.376,,,
1922,6,,,,,,,,,,,,,-0.068,,,
1922,7,,,,,,,,,,,,,-0.549,,,
1922,8,,,,,,,,,,,,,-0.415,,,
1922,9,,,,,,,,,,,,,-0.511,,,
1922,10,,,,,,,,,,,,,-0.529,,,
1922,11,,,,,,,,,,,,,-0.547,,,
1922,12,,,,,,,,,,,,,-0.304,,,
1923,1,,,,,,,,,,,,,-0.204,,,
1923,2,,,,,,,,,,,,,-0.413,,,
1923,3,,,,,,,,,,,,,-0.281,,,
1923,4,,,,,,,,,,,,,-0.239,,,
1923,5,,,,,,,,,,,,,-0.312,,,
1923,6,,,,,,,,,,,,,-0.102,,,
1923,7,,,,,,,,,,,,,-0.403,,,
1923,8,,,,,,,,,,,,,-0.001,,,
1923,9,,,,,,,,,,,,,0.241,,,
1923,10,,,,,,,,,,,,,0.276,,,
1923,11,,,,,,,,,,,,,0.447,,,
1923,12,,,,,,,,,,,,,-0.202,,,
1924,1,,,,,,,,,,,,,-0.434,,,
1924,2,,,,,,,,,,,,,-0.596,,,
1924,3,,,,,,,,,,,,,-0.428,,,
1924,4,,,,,,,,,,,,,-0.267,,,
1924,5,,,,,,,,,,,,,-0.415,,,
1924,6,,,,,,,,,,,,,-0.447,,,
1924,7,,,,,,,,,,,,,-0.395,,,
1924,8,,,,,,,,,,,,,-0.417,,,
1924,9,,,,,,,,,,,,,-0.652,,,
1924,10,,,,,,,,,,,,,-0.209,,,
1924,11,,,,,,,,,,,,,-0.408,,,
1924,12,,,,,,,,,,,,,-0.365,,,
1925,1,,,,,,,,,,,,,-0.317,,,
1925,2,,,,,,,,,,,,,-0.028,,,
1925,3,,,,,,,,,,,,,-0.008,,,
1925,4,,,,,,,,,,,,,0.482,,,
1925,5,,,,,,,,,,,,,-0.042,,,
1925,6,,,,,,,,,,,,,0.081,,,
1925,7,,,,,,,,,,,,,-0.167,,,
1925,8,,,,,,,,,,,,,-0.04,,,
1925,9,,,,,,,,,,,,,0.388,,,
1925,10,,,,,,,,,,,,,0.103,,,
1925,11,,,,,,,,,,,,,0.118,,,
1925,12,,,,,,,,,,,,,-0.153,,,
1926,1,,,,,,,,,,,,,-0.003,,,
1926,2,,,,,,,,,,,,,-0.358,,,
1926,3,,,,,,,,,,,,,-0.041,,,
1926,4,,,,,,,,,,,,,-0.247,,,
1926,5,,,,,,,,,,,,,-0.084,,,
1926,6,,,,,,,,,,,,,0.147,,,
1926,7,,,,,,,,,,,,,-0.231,,,
1926,8,,,,,,,,,,,,,-0.007,,,
1926,9,,,,,,,,,,,,,-0.405,,,
1926,10,,,,,,,,,,,,,-0.115,,,
1926,11,,,,,,,,,,,,,-0.49,,,
1926,12,,,,,,,,,,,,,-0.422,,,
1927,1,,,,,,,,,,,,,-0.202,,,
1927,2,,,,,,,,,,,,,0.042,,,
1927,3,,,,,,,,,,,,,-0.202,,,
1927,4,,,,,,,,,,,,,-0.398,,,
1927,5,,,,,,,,,,,,,-0.256,,,
1927,6,,,,,,,,,,,,,-0.168,,,
1927,7,,,,,,,,,,,,,-0.576,,,
1927,8,,,,,,,,,,,,,-0.611,,,
1927,9,,,,,,,,,,,,,-0.664,,,
1927,10,,,,,,,,,,,,,-0.602,,,
1927,11,,,,,,,,,,,,,-0.287,,,
1927,12,,,,,,,,,,,,,-0.378,,,
1928,1,,,,,,,,,,,,,-0.377,,,
1928,2,,,,,,,,,,,,,-0.36,,,
1928,3,,,,,,,,,,,,,-0.277,,,
1928,4,,,,,,,,,,,,,-0.313,,,
1928,5,,,,,,,,,,,,,-0.268,,,
1928,6,,,,,,,,,,,,,-0.465,,,
1928,7,,,,,,,,,,,,,-0.64,,,
1928,8,,,,,,,,,,,,,-0.891,,,
1928,9,,,,,,,,,,,,,-0.87,,,
1928,10,,,,,,,,,,,,,-0.732,,,
1928,11,,,,,,,,,,,,,-0.207,,,
1928,12,,,,,,,,,,,,,-0.372,,,
1929,1,,,,,,,,,,,,,-0.284,,,
1929,2,,,,,,,,,,,,,-0.362,,,
1929,3,,,,,,,,,,,,,-0.238,,,
1929,4,,,,,,,,,,,,,-0.222,,,
1929,5,,,,,,,,,,,,,-0.361,,,
1929,6,,,,,,,,,,,,,-0.247,,,
1929,7,,,,,,,,,,,,,-0.389,,,
1929,8,,,,,,,,,,,,,-0.487,,,
1929,9,,,,,,,,,,,,,-0.305,,,
1929,10,,,,,,,,,,,,,-0.356,,,
1929,11,,,,,,,,,,,,,-0.281,,,
1929,12,,,,,,,,,,,,,-0.024,,,
1930,1,,,,,,,,,,,,,-0.423,,,
1930,2,,,,,,,,,,,,,-0.513,,,
1930,3,,,,,,,,,,,,,-0.32,,,
1930,4,,,,,,,,,,,,,-0.245,,,
1930,5,,,,,,,,,,,,,-0.444,,,
1930,6,,,,,,,,,,,,,-0.138,,,
1930,7,,,,,,,,,,,,,-0.405,,,
1930,8,,,,,,,,,,,,,-0.33,,,
1930,9,,,,,,,,,,,,,-0.802,,,
1930,10,,,,,,,,,,,,,-0.417,,,
1930,11,,,,,,,,,,,,,0.112,,,
1930,12,,,,,,,,,,,,,-0.114,,,
1931,1,,,,,,,,,,,,,-0.058,,,
1931,2,,,,,,,,,,,,,-0.334,,,
1931,3,,,,,,,,,,,,,-0.548,,,
1931,4,,,,,,,,,,,,,-0.524,,,
1931,5,,,,,,,,,,,,,-0.258,,,
1931,6,,,,,,,,,,,,,-0.28,,,
1931,7,,,,,,,,,,,,,-0.414,,,
1931,8,,,,,,,,,,,,,-0.502,,,
1931,9,,,,,,,,,,,,,-1.011,,,
1931,10,,,,,,,,,,,,,-0.596,,,
1931,11,,,,,,,,,,,,,-0.184,,,
1931,12,,,,,,,,,,,,,-0.812,,,
1932,1,,,,,,,,,,,,,-0.426,,,
1932,2,,,,,,,,,,,,,-0.58,,,
1932,3,,,,,,,,,,,,,-0.438,,,
1932,4,,,,,,,,,,,,,-0.126,,,
1932,5,,,,,,,,,,,,,-0.378,,,
1932,6,,,,,,,,,,,,,-0.396,,,
1932,7,,,,,,,,,,,,,-0.246,,,
1932,8,,,,,,,,,,,,,-0.489,,,
1932,9,,,,,,,,,,,,,-0.403,,,
1932,10,,,,,,,,,,,,,-0.729,,,
1932,11,,,,,,,,,,,,,-0.314,,,
1932,12,,,,,,,,,,,,,-0.033,,,
1933,1,,,,,,,,,,,,,-0.189,,,
1933,2,,,,,,,,,,,,,-0.092,,,
1933,3,,,,,,,,,,,,,0.039,,,
1933,4,,,,,,,,,,,,,0.177,,,
1933,5,,,,,,,,,,,,,-0.344,,,
1933,6,,,,,,,,,,,,,-0.307,,,
1933,7,,,,,,,,,,,,,-0.469,,,
1933,8,,,,,,,,,,,,,-0.631,,,
1933,9,,,,,,,,,,,,,-1.567,,,
1933,10,,,,,,,,,,,,,-0.986,,,
1933,11,,,,,,,,,,,,,-0.604,,,
1933,12,,,,,,,,,,,,,-0.472,,,
1934,1,,,,,,,,,,,,,-0.611,,,
1934,2,,,,,,,,,,,,,-0.251,,,
1934,3,,,,,,,,,,,,,-0.166,,,
1934,4,,,,,,,,,,,,,-0.134,,,
1934,5,,,,,,,,,,,,,-0.2,,,
1934,6,,,,,,,,,,,,,-0.016,,,
1934,7,,,,,,,,,,,,,-0.325,,,
1934,8,,,,,,,,,,,,,-0.012,,,
1934,9,,,,,,,,,,,,,-0.498,,,
1934,10,,,,,,,,,,,,,-0.322,,,
1934,11,,,,,,,,,,,,,-0.155,,,
1934,12,,,,,,,,,,,,,-0.16,,,
1935,1,,,,,,,,,,,,,0.008,,,
1935,2,,,,,,,,,,,,,-0.054,,,
1935,3,,,,,,,,,,,,,0.119,,,
1935,4,,,,,,,,,,,,,-0.216,,,
1935,5,,,,,,,,,,,,,0.063,,,
1935,6,,,,,,,,,,,,,0.091,,,
1935,7,,,,,,,,,,,,,0.052,,,
1935,8,,,,,,,,,,,,,-0.025,,,
1935,9,,,,,,,,,,,,,-0.246,,,
1935,10,,,,,,,,,,,,,-0.304,,,
1935,11,,,,,,,,,,,,,0.119,,,
1935,12,,,,,,,,,,,,,0.022,,,
1936,1,,,,,,,,,,,,,0.086,,,
1936,2,,,,,,,,,,,,,-0.389,,,
1936,3,,,,,,,,,,,,,-0.211,,,
1936,4,,,,,,,,,,,,,-0.069,,,
1936,5,,,,,,,,,,,,,-0.192,,,
1936,6,,,,,,,,,,,,,0.064,,,
1936,7,,,,,,,,,,,,,-0.073,,,
1936,8,,,,,,,,,,,,,-0.437,,,
1936,9,,,,,,,,,,,,,-0.446,,,
1936,10,,,,,,,,,,,,,-0.692,,,
1936,11,,,,,,,,,,,,,-0.063,,,
1936,12,,,,,,,,,,,,,-0.318,,,
1937,1,,,,,,,,,,,,,-0.113,,,
1937,2,,,,,,,,,,,,,-0.231,,,
1937,3,,,,,,,,,,,,,-0.256,,,
1937,4,,,,,,,,,,,,,-0.403,,,
1937,5,,,,,,,,,,,,,0.042,,,
1937,6,,,,,,,,,,,,,-0.297,,,
1937,7,,,,,,,,,,,,,-0.547,,,
1937,8,,,,,,,,,,,,,-0.252,,,
1937,9,,,,,,,,,,,,,-0.09,,,
1937,10,,,,,,,,,,,,,-0.304,,,
1937,11,,,,,,,,,,,,,-0.115,,,
1937,12,,,,,,,,,,,,,-0.139,,,
1938,1,,,,,,,,,,,,,-0.084,,,
1938,2,,,,,,,,,,,,,-0.217,,,
1938,3,,,,,,,,,,,,,0.009,,,
1938,4,,,,,,,,,,,,,-0.345,,,
1938,5,,,,,,,,,,,,,0.016,,,
1938,6,,,,,,,,,,,,,-0.407,,,
1938,7,,,,,,,,,,,,,-0.621,,,
1938,8,,,,,,,,,,,,,-0.149,,,
1938,9,,,,,,,,,,,,,-0.457,,,
1938,10,,,,,,,,,,,,,-0.611,,,
1938,11,,,,,,,,,,,,,-0.712,,,
1938,12,,,,,,,,,,,,,-0.541,,,
1939,1,,,,,,,,,,,,,-0.125,,,
1939,2,,,,,,,,,,,,,0.209,,,
1939,3,,,,,,,,,,,,,0.021,,,
1939,4,,,,,,,,,,,,,-0.266,,,
1939,5,,,,,,,,,,,,,-0.337,,,
1939,6,,,,,,,,,,,,,-0.178,,,
1939,7,,,,,,,,,,,,,-0.405,,,
1939,8,,,,,,,,,,,,,-0.46,,,
1939,9,,,,,,,,,,,,,-0.285,,,
1939,10,,,,,,,,,,,,,-0.19,,,
1939,11,,,,,,,,,,,,,-0.319,,,
1939,12,,,,,,,,,,,,,-0.106,,,
1940,1,,,,,,,,,,,,,0.08,,,
1940,2,,,,,,,,,,,,,-0.224,,,
1940,3,,,,,,,,,,,,,-0.476,,,
1940,4,,,,,,,,,,,,,-0.493,,,
1940,5,,,,,,,,,,,,,-0.46,,,
1940,6,,,,,,,,,,,,,-0.028,,,
1940,7,,,,,,,,,,,,,-0.363,,,
1940,8,,,,,,,,,,,,,-0.253,,,
1940,9,,,,,,,,,,,,,-0.39,,,
1940,10,,,,,,,,,,,,,-0.472,,,
1940,11,,,,,,,,,,,,,-0.341,,,
1940,12,,,,,,,,,,,,,-0.316,,,
1941,1,,,,,,,,,,,,,-0.362,,,
1941,2,,,,,,,,,,,,,-0.619,,,
1941,3,,,,,,,,,,,,,-0.26,,,
1941,4,,,,,,,,,,,,,-0.278,,,
1941,5,,,,,,,,,,,,,-0.269,,,
1941,6,,,,,,,,,,,,,-0.376,,,
1941,7,,,,,,,,,,,,,-0.429,,,
1941,8,,,,,,,,,,,,,-0.419,,,
1941,9,,,,,,,,,,,,,-0.332,,,
1941,10,,,,,,,,,,,,,-0.19,,,
1941,11,,,,,,,,,,,,,0.274,,,
1941,12,,,,,,,,,,,,,-0.182,,,
1942,1,,,,,,,,,,,,,-0.193,,,
1942,2,,,,,,,,,,,,,-0.298,,,
1942,3,,,,,,,,,,,,,-0.251,,,
1942,4,,,,,,,,,,,,,-0.41,,,
1942,5,,,,,,,,,,,,,-0.599,,,
1942,6,,,,,,,,,,,,,-0.944,,,
1942,7,,,,,,,,,,,,,-0.697,,,
1942,8,,,,,,,,,,,,,-1.1,,,
1942,9,,,,,,,,,,,,,-0.946,,,
1942,10,,,,,,,,,,,,,-0.588,,,
1942,11,,,,,,,,,,,,,-0.598,,,
1942,12,,,,,,,,,,,,,-0.559,,,
1943,1,,,,,,,,,,,,,-0.49,,,
1943,2,,,,,,,,,,,,,-0.249,,,
1943,3,,,,,,,,,,,,,-0.305,,,
1943,4,,,,,,,,,,,,,-0.225,,,
1943,5,,,,,,,,,,,,,-0.188,,,
1943,6,,,,,,,,,,,,,0.151,,,
1943,7,,,,,,,,,,,,,0.095,,,
1943,8,,,,,,,,,,,,,0.036,,,
1943,9,,,,,,,,,,,,,-0.648,,,
1943,10,,,,,,,,,,,,,-0.535,,,
1943,11,,,,,,,,,,,,,-0.388,,,
1943,12,,,,,,,,,,,,,-0.386,,,
1944,1,,,,,,,,,,,,,-0.155,,,
1944,2,,,,,,,,,,,,,0.247,,,
1944,3,,,,,,,,,,,,,-0.177,,,
1944,4,,,,,,,,,,,,,-0.241,,,
1944,5,,,,,,,,,,,,,0.283,,,
1944,6,,,,,,,,,,,,,-0.115,,,
1944,7,,,,,,,,,,,,,0.053,,,
1944,8,,,,,,,,,,,,,0.051,,,
1944,9,,,,,,,,,,,,,0.001,,,
1944,10,,,,,,,,,,,,,-0.601,,,
1944,11,,,,,,,,,,,,,-0.249,,,
1944,12,,,,,,,,,,,,,0.178,,,
1945,1,,,,,,,,,,,,,-0.141,,,
1945,2,,,,,,,,,,,,,0.089,,,
1945,3,,,,,,,,,,,,,0.205,,,
1945,4,,,,,,,,,,,,,-0.33,,,
1945,5,,,,,,,,,,,,,-0.572,,,
1945,6,,,,,,,,,,,,,-0.563,,,
1945,7,,,,,,,,,,,,,-0.524,,,
1945,8,,,,,,,,,,,,,-0.656,,,
1945,9,,,,,,,,,,,,,-0.594,,,
1945,10,,,,,,,,,,,,,-0.513,,,
1945,11,,,,,,,,,,,,,-0.323,,,
1945,12,,,,,,,,,,,,,-0.327,,,
1946,1,,,,,,,,,,,,,0.067,,,
1946,2,,,,,,,,,,,,,-0.014,,,
1946,3,,,,,,,,,,,,,-0.226,,,
1946,4,,,,,,,,,,,,,-0.557,,,
1946,5,,,,,,,,,,,,,0.297,,,
1946,6,,,,,,,,,,,,,-0.33,,,
1946,7,,,,,,,,,,,,,-0.159,,,
1946,8,,,,,,,,,,,,,0.165,,,
1946,9,,,,,,,,,,,,,-0.071,,,
1946,10,,,,,,,,,,,,,-0.178,,,
1946,11,,,,,,,,,,,,,-0.026,,,
1946,12,,,,,,,,,,,,,-0.25,,,
1947,1,,,,,,,,,,,,,-0.288,,,
1947,2,,,,,,,,,,,,,0.028,,,
1947,3,,,,,,,,,,,,,-0.0,,,
1947,4,,,,,,,,,,,,,-0.186,,,
1947,5,,,,,,,,,,,,,0.104,,,
1947,6,,,,,,,,,,,,,-0.066,,,
1947,7,,,,,,,,,,,,,-0.632,,,
1947,8,,,,,,,,,,,,,-0.659,,,
1947,9,,,,,,,,,,,,,-0.97,,,
1947,10,,,,,,,,,,,,,-0.824,,,
1947,11,,,,,,,,,,,,,-0.32,,,
1947,12,,,,,,,,,,,,,-0.266,,,
1948,1,,,,,,,,,,,,-0.43,-0.298,-0.021,-1.4901853,-1.4204913
1948,2,,,,,,,,,,,,-0.11,-0.155,-0.034,1.0858272,0.38686675
1948,3,,,,,,,,,,,,0.12,0.024,0.022,2.8554282,1.6634517
1948,4,,,,,,,,,,,,-0.0,-0.103,-0.076,0.03856182,-0.9832218
1948,5,,,,,,,,,,,,0.43,-0.085,-0.01,-0.950632,-0.78303075
1948,6,,,,,,,,,,,,-0.06,0.059,0.049,-1.3168534,0.58606505
1948,7,,,,,,,,,,,,0.0,-0.268,-0.046,0.24062973,1.2056509
1948,8,,,,,,,,,,,,-0.22,-0.462,-0.029,-0.7144635,0.81288975
1948,9,,,,,,,,,,,,-0.47,-0.648,-0.059,0.30296576,0.5376066
1948,10,,,,,,,,,,,,-0.95,-0.293,0.001,0.3288409,-0.92464864
1948,11,,,,,,,,,,,,-1.01,-0.379,0.128,1.07188,0.95274913
1948,12,,,,,,,,,,,,0.12,-0.506,0.056,1.7095416,-0.6703143
1949,1,,,,,,,,,,,,-0.38,0.027,0.147,0.66178995,0.6003827
1949,2,,,,,,,,,,,,0.07,0.177,0.154,2.442419,1.1864063
1949,3,,,,,,,,,,,,-0.85,-0.121,0.032,0.17342833,0.012007564
1949,4,,,,,,,,,,,,-0.22,0.165,0.092,-0.007536173,-0.4867006
1949,5,,,,,,,,,,,,0.03,-0.091,-0.03,-0.6390544,-0.3666222
1949,6,,,,,,,,,,,,-1.14,-0.009,-0.005,-0.19368339,0.12056419
1949,7,,,,,,,,,,,,-0.48,-0.009,0.065,0.36409855,1.2616994
1949,8,,,,,,,,,,,,-0.5,0.011,0.096,-0.07568669,1.2080209
1949,9,,,,,,,,,,,,-0.97,-0.09,0.064,1.023483,-0.30530417
1949,10,,,,,,,,,,,,-0.81,-0.124,0.098,0.62291974,0.060875654
1949,11,,,,,,,,,,,,-1.64,-0.396,0.102,-1.2729311,-1.5345323
1949,12,,,,,,,,,,,,-1.35,-0.331,0.112,-1.0715805,-0.42125624
1950,1,0.56,-2.71,-1.69,0.91,-3.65,2.29,0.78,0.55,-0.71,,-0.0603,-1.41,-0.044,0.105,2.2898057,-0.58599705
1950,2,0.01,0.66,-1.36,-1.13,-1.69,-0.57,-0.94,-1.07,1.25,,0.6268,-1.47,-0.553,-0.04,-0.5189843,0.22081983
1950,3,-0.78,0.82,-0.38,-0.02,-0.06,-1.8,-0.22,,0.78,,-0.0081,-1.07,-0.692,-0.112,0.793086,0.12677097
1950,4,0.65,0.28,-0.5,-1.87,-0.23,-2.5,0.46,,0.1,,0.5551,-1.25,-0.474,-0.137,-2.2539582,-0.16968983
1950,5,-0.5,-0.51,0.23,-0.98,-0.4,1.41,0.28,,0.55,,0.0716,-1.35,-0.309,-0.065,0.2342611,-0.1101554
1950,6,0.25,1.24,1.31,-0.47,-1.99,1.27,0.19,,0.65,,0.5386,-1.03,-0.493,-0.049,0.2843883,0.5294397
1950,7,-1.23,0.58,1.8,1.38,-0.82,3.01,0.86,,-0.53,,-0.8025,-0.8,-0.348,-0.062,-0.059939086,0.8785883
1950,8,-0.19,-0.54,1.08,1.87,0.79,0.52,1.35,,-1.03,1.4,-0.851,-0.92,-0.22,0.014,-0.18623412,0.12837446
1950,9,0.39,0.14,1.36,0.98,-1.0,-0.32,-1.43,,-1.69,0.77,0.358,-1.27,-0.631,0.003,-0.68611145,0.37649202
1950,10,1.43,-1.29,1.45,-0.88,0.7,0.04,0.31,,-0.8,,-0.3789,-0.91,-0.59,-0.097,-0.16305694,-0.27212697
1950,11,-1.46,-0.18,-0.37,-0.39,-1.74,-1.72,1.2,,0.95,,-0.5151,-1.29,-0.227,0.073,-1.6029595,-0.33401516
1950,12,-1.03,-2.48,0.07,,-0.28,-2.31,0.77,-0.94,0.74,,-1.9281,-1.05,-0.027,0.082,-1.9701426,-2.642242
1951,1,-0.42,-1.47,-0.07,-0.81,-1.18,-0.74,0.23,-0.09,1.79,,-0.085,-1.12,0.256,0.096,-0.79805124,-0.9219327
1951,2,0.35,-0.17,-0.58,-1.32,-2.11,-1.66,1.25,-1.3,1.23,,-0.3999,-0.6,0.211,-0.008,-1.1039646,-1.6372437
1951,3,-1.47,-2.34,-0.29,0.2,-1.09,0.11,-0.91,,-1.29,,-1.9341,-0.28,0.259,0.006,-1.8248847,-1.354517
1951,4,-0.38,0.42,-0.19,0.02,0.47,-2.31,-0.77,,-0.38,,-0.7765,-0.13,-0.514,0.162,-1.9950327,-0.4235505
1951,5,-0.5,-1.13,0.7,-0.04,1.19,0.93,0.5,,-0.19,,-0.8628,-0.03,-0.138,0.166,-0.22244407,-0.8006331
1951,6,-1.35,-0.08,0.1,-0.62,-0.54,1.91,-0.02,,1.32,,-0.9179,0.1,-0.19,0.283,-0.65659815,0.3976758
1951,7,1.39,-0.58,0.88,0.98,-0.44,-0.86,-1.57,,0.47,,0.09,0.25,-0.22,0.415,-0.25691843,0.9592166
1951,8,-0.41,0.69,0.73,0.41,0.02,-3.26,1.53,,0.17,-0.92,-0.3774,0.4,0.124,0.297,-1.5258675,0.3036251
1951,9,-1.18,0.56,-3.45,1.42,-0.08,-0.26,-0.82,,-0.8,0.57,-0.8178,0.32,-0.005,0.243,0.05141747,-0.059728622
1951,10,2.54,-0.68,-0.47,-0.11,0.43,0.59,0.78,,-0.28,,-0.2129,0.57,-0.168,0.252,1.1253868,-1.2581625
1951,11,-0.54,0.11,0.62,0.62,0.21,0.48,0.43,,2.32,,-0.0685,0.44,0.122,0.168,-0.93757105,-1.4564879
1951,12,1.13,0.21,0.2,,-1.59,0.04,-0.71,0.58,0.47,,1.9872,0.38,-0.072,0.168,-0.09728694,-0.06178975
1952,1,0.57,-2.26,1.43,1.59,-3.19,-1.07,-0.5,-0.21,-0.27,,0.3682,0.19,-0.069,0.165,-1.1578094,-0.7018268
1952,2,-1.38,-1.84,0.88,-1.09,0.08,-1.46,-0.75,0.07,0.02,,-1.7472,0.09,0.08,0.176,-0.84281003,0.43561184
1952,3,-1.97,0.26,0.06,-2.13,-0.69,0.16,-0.39,,0.25,,-1.8595,-0.3,0.126,0.224,0.22316533,-1.1172426
1952,4,0.95,0.95,0.28,-2.44,0.89,0.12,1.01,,0.13,,0.5385,0.29,0.074,0.184,0.46781653,-0.5193319
1952,5,-0.99,-0.18,0.93,0.06,-0.79,0.24,-0.38,,-0.81,,-0.7735,-0.26,-0.148,0.174,-0.25114602,-0.053916693
1952,6,-0.1,-0.14,1.08,-0.25,0.53,-0.4,-0.56,,-1.61,,-0.4409,-0.79,0.019,0.376,-0.68665814,0.4323268
1952,7,-0.06,0.52,-1.02,1.3,-1.57,-1.26,0.16,,0.94,,0.3831,-0.72,-0.43,0.366,-0.48639333,0.7539567
1952,8,-0.49,-0.16,-1.43,1.35,0.77,-0.95,-0.99,,1.26,-0.24,-0.0304,-0.49,-0.463,0.397,-0.7860851,0.4562949
1952,9,-0.38,-2.13,-1.94,0.35,0.4,-1.68,-0.7,,-0.77,0.87,-0.3834,-0.4,-0.606,0.355,-1.1954745,0.2830748
1952,10,-0.28,-0.54,1.39,1.1,1.05,-0.42,1.78,,0.16,,-0.4372,-0.2,-0.546,0.348,-0.7296828,-0.29742882
1952,11,-1.32,-1.43,0.61,-0.62,0.77,-1.55,1.24,,-0.05,,-1.8909,-0.44,-0.171,0.244,-1.3728106,-0.6575611
1952,12,-0.49,-1.31,0.71,,0.63,-0.26,0.85,-1.89,0.61,,-1.8267,-0.6,-0.031,0.334,-0.8002217,-0.84752697
1953,1,-0.12,-2.69,-1.24,0.24,0.18,0.84,-0.09,-0.74,-0.06,,-1.0362,0.27,0.304,0.258,0.96197414,-0.28438786
1953,2,-1.0,-1.34,1.38,-1.51,1.04,-0.25,-0.61,1.04,1.09,,-0.2493,0.18,0.285,0.178,0.84306854,0.016486764
1953,3,-0.45,-1.02,0.58,-2.29,-0.44,1.73,-1.16,,2.08,,1.0683,-0.0,0.188,0.134,2.238755,0.7800666
1953,4,-1.96,-0.02,-1.86,-0.07,0.78,-1.66,-0.19,,-0.01,,-1.2558,0.37,-0.054,0.306,-1.7612175,-0.8736867
1953,5,-0.56,-1.54,-0.51,-0.63,1.14,0.09,-0.53,,-0.81,,-0.5621,0.35,0.316,0.335,0.14725822,0.10558936
1953,6,1.41,-1.32,-0.57,3.88,-1.6,-0.71,1.6,,-1.73,,0.0225,0.53,-0.113,0.268,-0.19438064,-0.36226642
1953,7,0.43,0.74,-1.1,0.99,0.27,-0.71,-1.58,,-0.42,,0.3332,0.24,-0.178,0.337,-1.1687651,1.3478379
1953,8,-1.04,0.01,1.04,-0.54,-1.15,-1.41,0.32,,-1.4,-0.49,0.085,0.05,-0.231,0.251,-0.9052396,1.3185928
1953,9,-0.19,-0.24,-0.86,0.12,-0.14,0.58,0.24,,1.25,0.57,0.6616,0.51,-0.24,0.273,0.30070543,0.287833
1953,10,1.95,-0.43,0.36,-0.52,2.27,0.0,1.23,,-0.58,,-0.1945,-0.08,-0.312,0.141,1.1514969,-0.3084301
1953,11,0.96,0.18,-0.44,-2.15,1.57,0.16,0.02,,-1.45,,0.3536,0.44,-0.136,0.237,1.3994638,0.42007184
1953,12,-0.52,-1.05,0.84,,0.96,0.73,1.03,1.4,1.36,,0.5755,-0.14,-0.119,0.251,1.2305794,-1.1386378
1954,1,-0.08,-2.49,-0.26,0.6,-2.11,0.52,0.77,-0.3,0.55,,-0.1483,0.09,-0.339,0.22,0.5945265,-0.61262727
1954,2,0.4,-1.02,-0.67,-1.75,-0.48,0.03,1.63,-1.4,0.95,,-0.1809,0.24,-0.272,0.088,0.3461603,-1.3566475
1954,3,-1.27,-0.46,0.66,1.51,-1.44,0.48,0.38,,2.58,,0.4757,-0.25,-0.163,0.093,-0.75852823,-1.4911976
1954,4,1.31,-2.77,-0.53,0.08,-2.86,-0.29,-0.54,,-1.44,,0.5117,-0.62,-0.009,-0.021,-0.16505036,-0.28441536
1954,5,-0.03,-0.79,1.39,0.2,0.65,-2.13,0.31,,-1.95,,-1.6561,-0.49,-0.55,0.062,-0.59892184,-0.0048211217
1954,6,0.06,-0.69,-1.63,-1.64,0.09,0.58,0.2,,-1.06,,-0.2681,-0.63,-0.505,0.092,-0.8234464,0.47541255
1954,7,-0.57,-0.3,-0.34,-1.79,-0.14,-1.5,0.52,,-1.37,,0.3409,-0.79,-0.855,-0.052,-1.5949882,1.7009183
1954,8,-2.57,-0.57,1.89,0.83,-0.11,0.29,-0.45,,-0.19,-0.75,-0.1224,-1.16,-0.631,-0.022,-0.7224686,1.0777106
1954,9,-0.28,0.64,0.94,0.31,-0.04,-1.04,-0.95,,0.23,-1.26,0.3015,-1.34,-0.719,-0.018,-1.1483257,0.98401856
1954,10,1.16,-0.62,-2.15,-0.53,0.99,0.34,-0.59,,-0.46,,0.5126,-0.7,-0.836,-0.04,-0.09980833,0.74420315
1954,11,0.29,-0.27,-0.88,-0.48,1.38,-0.51,1.15,,0.79,,-0.3283,-0.8,-0.451,-0.034,-0.9347933,-0.8105432
1954,12,0.55,-1.6,-1.42,,-0.82,-0.58,3.06,-1.18,3.08,,0.5526,-0.95,-0.053,-0.059,-1.35715,0.098104
1955,1,-2.65,-0.24,0.4,-1.32,-0.14,-0.79,-1.36,0.4,1.39,,-1.1631,-0.66,-0.05,0.068,-0.4356168,-2.479774
1955,2,-1.71,0.03,-0.66,-1.71,-2.62,-1.69,-0.87,-0.09,-0.26,,-1.5423,-0.74,-0.152,0.033,-1.3545569,-2.1506581
1955,3,-0.96,-1.37,0.51,-0.13,-2.47,0.25,-0.21,,-1.13,,-1.5681,-0.85,0.019,0.034,0.1476785,-1.267249
1955,4,-0.6,-1.52,1.18,-1.35,-0.24,-0.01,-0.14,,0.43,,0.1942,-0.89,-0.044,0.088,0.43905118,0.5195938
1955,5,-0.26,0.51,-0.26,-1.61,-0.42,0.92,-1.27,,-0.09,,0.2416,-1.28,-0.696,0.169,-1.4346399,0.12263156
1955,6,-0.8,-1.3,0.7,-2.84,0.11,1.43,0.22,,-1.36,,-0.2658,-0.8,-0.387,0.186,-0.72679347,0.9852224
1955,7,1.78,-1.52,1.72,-1.49,-1.32,0.55,1.81,,0.19,,0.3319,-1.27,-0.439,0.261,1.1577264,0.7937468
1955,8,1.25,-0.75,-1.19,0.61,-0.55,1.44,2.42,,0.54,0.92,0.7601,-0.92,-0.43,0.167,1.0342478,0.9699519
1955,9,0.46,0.1,1.29,-0.15,-0.22,-1.21,0.64,,-1.81,-0.28,0.3568,-1.43,-0.738,0.195,-0.009133041,0.54238635
1955,10,-1.09,-2.29,1.2,-1.09,0.51,-0.39,-0.09,,0.64,,0.0991,-1.94,-0.73,0.271,-0.7535488,-0.43671358
1955,11,-1.49,-1.89,-1.13,-0.37,-0.93,0.62,-0.26,,1.0,,-1.3422,-1.9,-0.269,0.378,1.630427,-0.33950034
1955,12,0.07,0.35,-1.28,,-2.37,0.73,-0.42,-1.4,0.14,,-0.444,-1.72,-0.301,0.249,0.77686226,0.0025205612
1956,1,-0.76,-2.27,-2.87,-0.39,-2.34,-0.74,-0.23,-3.26,-0.04,,-1.2044,-1.44,-0.101,0.179,-0.605133,-1.0770392
1956,2,-1.71,-2.61,-1.65,-1.99,-1.69,-0.89,0.46,0.61,0.24,,-2.0286,-0.79,-0.021,0.087,0.26080042,-1.3920187
1956,3,-0.46,-0.39,0.11,-1.13,-0.97,0.33,0.9,,1.53,,0.4704,-0.68,-0.001,0.006,0.2400999,-0.692227
1956,4,-1.3,-1.35,0.73,0.29,-0.17,-0.08,0.25,,-0.7,,-0.8675,-0.72,-0.3,0.056,-0.76897144,-1.3655051
1956,5,2.1,-0.2,2.0,-0.05,-0.17,0.61,-0.82,,0.3,,1.3911,-0.63,-0.57,-0.066,0.24681914,0.5173752
1956,6,0.41,-0.66,-0.81,-1.95,-0.08,-1.47,0.66,,-0.53,,0.2801,-0.66,-0.826,-0.272,-0.7837719,1.0327189
1956,7,-0.72,-0.45,0.58,0.48,-1.28,1.13,-0.13,,-2.37,,-0.2146,-0.78,-1.083,-0.098,0.1858533,1.1508036
1956,8,-1.89,-1.41,0.5,1.92,-0.23,-0.16,-0.45,,-0.96,1.4,-0.6522,-0.92,-0.772,-0.106,-1.1345596,0.5412164
1956,9,0.38,-0.42,-0.38,0.98,0.42,2.61,1.11,,0.52,-0.74,-0.202,-0.95,-0.803,-0.097,1.3794775,0.6435263
1956,10,1.47,-1.82,1.65,-1.43,-2.16,0.53,0.27,,0.36,,1.1392,-0.82,-0.672,-0.051,0.7420756,0.3956055
1956,11,0.4,-2.9,-1.3,-0.82,1.0,-1.51,-0.65,,-1.13,,-0.0663,-0.85,-0.516,-0.095,1.1816878,-0.6623353
1956,12,0.0,-0.96,-2.76,,-0.61,0.38,2.25,0.88,0.42,,0.0009,-0.56,-0.15,0.011,0.47166795,0.58870065
1957,1,0.71,-0.93,-0.47,1.42,-2.18,0.69,0.75,1.65,0.91,,2.0621,-0.4,-0.437,-0.089,1.3005483,0.74758995
1957,2,-0.32,0.7,-1.96,-0.98,-1.89,-1.73,-0.92,0.18,-2.27,,-1.5132,-0.16,-0.563,-0.114,-1.3870822,-0.22565508
1957,3,-1.73,0.11,-1.42,-0.56,0.78,0.45,-0.27,,-0.37,,-2.0126,0.0,-0.197,-0.027,1.2121787,-0.24407242
1957,4,0.39,-1.38,0.52,0.26,-0.41,-0.48,0.83,,0.07,,0.2377,0.36,-0.3,-0.082,0.25754464,-0.53210646
1957,5,-0.68,-1.72,0.46,0.85,1.24,-1.42,0.08,,-0.1,,-0.9661,0.54,-0.327,-0.129,-1.2273407,-0.25502658
1957,6,-0.42,0.11,-2.0,1.71,0.24,2.45,-0.64,,-0.88,,-0.76,0.17,-0.466,-0.02,-0.37300438,0.6719496
1957,7,-1.16,-1.34,-0.73,-1.03,-0.11,-0.54,0.63,,-2.35,,-0.6462,0.35,-0.489,0.032,-0.31082565,1.1524146
1957,8,-0.83,-1.3,1.87,0.49,-0.99,-1.81,-0.22,,-1.38,-0.29,0.0969,0.81,-0.266,0.194,-0.5236829,0.9721244
1957,9,-1.47,-1.39,-1.76,1.78,-0.22,-1.79,-0.8,,-0.1,-0.17,-0.9559,0.33,-0.383,0.213,-1.311175,0.31214914
1957,10,1.95,-0.42,1.13,0.84,0.46,0.57,-1.31,,-1.01,,0.9031,0.63,-0.523,0.141,0.8958434,-0.49527267
1957,11,0.63,-1.89,-0.49,0.6,0.49,1.15,0.56,,-0.86,,-1.38,0.79,-0.483,0.076,1.3265522,-1.0159047
1957,12,0.02,-1.97,1.11,,-0.73,0.46,-0.3,-0.24,0.69,,0.828,0.96,-0.25,0.071,0.68464214,-1.6080403
1958,1,-1.14,-1.48,0.26,-0.38,0.62,-0.21,-0.34,-1.82,-0.38,,-1.4382,1.37,-0.396,0.04,-0.8718045,-0.587942
1958,2,-1.64,0.61,-1.33,0.13,0.36,-0.14,-0.38,-1.33,-0.26,,-2.2282,1.35,-0.234,0.18,-0.14376497,-0.60611355
1958,3,-2.46,-1.02,0.76,0.45,0.18,2.15,0.28,,-0.4,,-2.5218,0.91,-0.374,0.336,-0.26311076,-1.1460804
1958,4,0.26,-1.21,0.89,0.73,0.31,0.38,1.31,,0.26,,-0.36,0.44,-0.347,0.338,-0.28592244,-0.08010587
1958,5,-0.17,1.17,1.91,0.11,0.66,-0.24,-0.34,,0.07,,-0.3364,0.35,-0.496,0.193,-0.6194908,0.20509088
1958,6,-1.08,1.14,1.51,3.0,1.48,0.38,0.31,,0.97,,-1.1493,0.28,-0.855,0.213,-0.8240924,0.261517
1958,7,-1.69,-0.56,1.62,1.51,0.74,2.08,-0.33,,0.02,,-0.6837,0.1,-1.063,0.156,-0.21329582,1.1428049
1958,8,-2.13,0.29,-0.16,0.14,2.13,-0.81,0.75,,1.72,1.19,-0.7548,0.15,-1.259,0.152,-0.6984679,0.96073663
1958,9,0.08,1.27,-1.67,-0.13,-0.05,3.31,1.48,,0.58,0.16,-0.0121,-0.16,-1.303,0.204,1.4830239,0.4411454
1958,10,0.68,-0.7,1.16,-0.29,0.34,0.55,0.73,,1.26,,0.7701,-0.09,-0.967,0.143,0.8394539,0.24578491
1958,11,1.59,-2.13,1.34,0.73,0.08,0.56,0.48,,-0.45,,-0.0107,0.14,-0.675,0.176,1.0985024,-0.9830293
1958,12,-0.74,-0.3,-0.24,,0.35,-0.08,-0.6,0.51,-1.73,,-1.6865,0.06,-0.639,0.211,-0.40043354,-2.2039201
1959,1,-1.52,-0.72,-0.91,1.62,-1.54,-0.87,-0.65,0.0,-0.09,,-2.0128,0.55,-0.027,0.091,-1.1402419,-0.23172265
1959,2,0.33,-0.55,0.74,0.04,-1.23,2.2,0.23,1.21,1.99,,2.5445,0.36,-0.531,0.106,2.8284523,0.4920776
1959,3,-0.56,2.68,-0.51,-2.03,0.21,0.39,0.46,,1.84,,1.4318,0.16,-0.524,-0.036,0.3889044,-1.1705635
1959,4,0.25,0.48,-0.05,0.22,-0.9,-0.07,0.26,,-0.94,,0.1192,0.2,-0.356,-0.013,-0.5365669,-0.5287156
1959,5,0.41,-1.84,-0.64,0.3,-0.3,-0.12,0.73,,-0.89,,-0.3408,0.15,-0.742,-0.002,0.16054356,-0.6925833
1959,6,0.71,0.12,-1.05,1.19,1.08,0.82,-0.22,,-1.22,,-0.0334,-0.29,-0.745,-0.068,0.34690857,0.65466136
1959,7,0.77,-0.03,-0.72,-0.14,-0.45,0.57,-0.0,,-0.47,,0.1047,-0.5,-0.667,-0.041,0.15023518,1.1330376
1959,8,-0.05,-1.89,-1.67,0.34,1.03,1.03,0.99,,-1.09,-1.22,-0.7452,-0.47,-0.913,0.003,1.1501424,0.87172323
1959,9,1.0,-0.57,-1.58,-0.43,1.19,3.68,0.19,,-0.59,-0.2,-0.2808,-0.49,-0.839,0.116,1.8428513,-0.12724775
1959,10,1.48,0.23,-1.99,1.03,0.23,1.84,2.38,,-0.81,,-0.2491,-0.25,-0.586,0.103,1.500725,-0.45505404
1959,11,0.3,-1.16,-1.31,1.43,0.26,-0.88,2.04,,-0.23,,-1.4106,-0.25,-0.575,0.042,-0.90396196,-1.3677078
1959,12,0.32,0.49,0.62,,0.36,-1.02,2.29,-0.74,2.33,,-0.042,-0.24,-0.357,0.1,-1.3283703,-1.4455531
1960,1,-2.01,-0.22,-0.03,-0.76,-0.16,0.06,0.06,0.23,-1.42,,-2.4842,-0.4,-0.237,0.167,0.03267014,-1.2666279
1960,2,-2.59,0.99,0.54,0.52,-0.22,0.15,-0.29,-0.58,0.08,,-2.2124,-0.37,-0.044,0.207,-0.3817098,-1.3022838
1960,3,-0.93,0.09,-1.48,0.12,-0.69,3.27,1.75,,0.2,,-1.6246,-0.21,-0.433,0.079,1.076999,-1.1768897
1960,4,1.33,-1.89,-0.21,-0.39,-0.07,-0.6,0.93,,-0.49,,-0.2973,-0.16,-0.745,0.088,-0.3652035,-0.02423793
1960,5,0.47,-0.68,-0.1,-0.74,0.99,-1.3,0.47,,-1.28,,-0.8574,-0.25,-0.739,0.293,0.8708177,0.17778862
1960,6,0.1,0.42,0.45,-0.71,1.2,0.02,0.16,,-0.45,,0.055,-0.43,-0.681,0.31,0.119470954,0.57953775
1960,7,0.38,-0.29,0.02,0.65,1.11,0.86,1.55,,-2.94,,-0.6191,-0.41,-0.735,0.261,-0.76808214,1.2352425
1960,8,-1.93,-0.34,0.6,-0.08,1.85,1.58,1.81,,-0.55,-0.72,-1.0079,-0.32,-0.584,0.326,-0.6562575,1.0544386
1960,9,0.53,-0.39,0.4,0.02,-0.01,-0.81,1.41,,-1.09,0.18,-0.3816,-0.3,-0.582,0.201,0.20400721,0.38268793
1960,10,-1.37,-1.05,0.84,0.38,0.48,0.59,2.09,,0.45,,-1.187,-0.43,-0.906,0.287,-0.19610614,-1.3999512
1960,11,-0.67,0.98,-0.51,-0.4,-0.52,0.81,1.44,,0.33,,-0.5532,-0.49,-0.811,0.241,-1.4092803,-0.21590543
1960,12,-0.03,-2.47,0.08,,1.15,-1.97,0.48,1.15,-0.07,,-0.3429,-0.34,-0.641,0.128,-1.2872564,-2.0067859
1961,1,-0.03,-0.44,-0.61,1.09,1.16,-0.52,1.21,-0.15,0.37,,-1.506,-0.3,-0.144,0.051,-0.5387838,-0.4523494
1961,2,0.07,0.75,-1.26,-1.5,0.17,0.19,-0.07,-0.74,1.23,,0.6212,-0.2,-0.08,0.071,0.7465278,1.8567507
1961,3,0.17,-0.45,-0.16,-1.47,0.28,-0.62,-1.64,,0.12,,0.3414,-0.41,-0.122,0.139,1.249851,1.1171389
1961,4,-1.83,1.52,0.37,0.6,-1.14,1.25,-0.34,,-0.59,,-0.2375,-0.37,-0.613,0.217,0.24437237,-0.8790203
1961,5,-0.28,-0.72,1.44,0.26,-0.25,-0.38,0.41,,1.04,,0.1575,-0.27,-0.438,0.184,-0.47121066,-0.11054289
1961,6,1.17,1.83,1.47,-0.61,1.84,-1.36,0.65,,-0.49,,0.837,-0.03,-0.006,0.023,-0.12199122,0.76194775
1961,7,-0.36,-0.74,2.13,-0.76,-0.52,0.36,0.35,,-2.07,,-0.108,-0.41,0.63,-0.029,-0.16431028,1.402406
1961,8,1.03,-0.16,0.88,0.31,0.47,0.69,0.14,,-1.7,0.91,0.0127,-0.64,0.775,0.026,0.03945297,1.7479016
1961,9,1.36,0.64,1.09,-0.91,1.1,1.78,1.38,,0.18,-1.98,0.8149,-0.82,0.554,-0.007,0.64980197,0.50787246
1961,10,1.07,-0.73,0.69,-0.75,-1.94,-1.05,2.75,,0.02,,0.2031,-0.82,0.457,0.019,-0.4081179,-0.33184323
1961,11,-0.79,-1.25,0.14,-1.92,-0.4,-0.16,0.5,,1.46,,-0.0104,-0.43,0.323,0.057,0.467211,-2.4916139
1961,12,-1.46,0.95,-2.92,,-1.54,-0.26,0.25,-1.57,2.11,,-1.6682,-0.57,0.311,0.203,-0.16533923,-0.4403716
1962,1,0.2,0.36,-1.92,0.74,-0.74,-0.62,-0.53,1.24,1.78,,1.6445,-0.68,0.512,0.139,-0.13036978,0.50959176
1962,2,0.18,-2.01,-0.13,1.66,-0.54,-0.12,-0.64,0.59,0.83,,-0.3582,-0.53,0.544,0.142,0.043506593,0.2540319
1962,3,-2.99,-1.26,-0.3,0.25,-0.71,-0.33,-0.92,,-0.89,,-2.848,-0.49,0.357,0.155,-1.4508212,-1.7091112
1962,4,0.93,-0.52,-1.18,0.56,-1.5,-0.29,0.64,,0.81,,1.1692,-0.45,-0.02,0.077,-0.81877536,-0.26837027
1962,5,-0.04,-1.05,0.24,0.26,-1.11,0.24,-1.25,,0.3,,0.068,-0.71,-0.385,0.013,-1.2620091,0.3784726
1962,6,0.47,-0.72,2.0,0.26,-0.97,1.01,-0.09,,-0.57,,0.2871,-0.48,-0.458,-0.081,0.21691501,1.2958037
1962,7,-2.43,-1.4,1.13,0.16,-0.36,-0.42,-0.83,,-0.15,,-0.9265,-0.42,-0.468,-0.018,-0.7066582,1.0088842
1962,8,0.05,-0.41,1.6,-0.22,0.57,1.4,-0.96,,-0.48,-0.92,0.1521,-0.46,-0.304,-0.073,-0.3353058,1.3783003
1962,9,-0.21,0.29,0.41,-0.15,-0.83,-0.13,-0.14,,-0.38,0.71,-0.056,-0.77,-0.186,-0.006,-0.22166097,0.6443572
1962,10,0.96,-0.94,0.62,0.1,1.33,1.19,-0.14,,0.05,,-0.0158,-0.67,-0.328,0.055,1.5179675,-0.1693944
1962,11,-0.38,-1.98,0.16,-0.5,0.53,-2.0,1.21,,-0.09,,-1.1123,-0.64,-0.213,0.036,-0.7257659,-1.8151388
1962,12,-1.31,-1.88,-0.68,,-0.38,-0.08,-0.61,-0.2,0.44,,-0.7114,-0.72,-0.071,0.18,0.5289159,-0.5807061
1963,1,-2.98,-2.76,-3.28,1.0,0.09,-0.09,-0.64,2.14,2.07,,-3.3112,-0.76,0.328,0.147,0.5704895,-1.3805442
1963,2,-1.53,-0.07,-2.32,1.07,0.79,-1.07,-0.02,-0.01,3.53,,-1.7208,-0.51,0.396,0.155,-1.0991931,-1.9380093
1963,3,-0.85,0.85,-0.93,-1.31,-2.04,2.08,-0.6,,1.11,,0.7242,-0.29,0.201,0.123,1.0454831,0.44212535
1963,4,-1.61,-1.04,0.96,-0.25,-0.79,-0.46,0.95,,1.22,,-0.3477,-0.17,-0.061,0.093,-0.9482464,0.13496971
1963,5,2.05,-0.62,2.03,0.57,-0.95,-1.84,0.94,,-0.23,,0.771,-0.31,-0.324,-0.095,-0.64221954,0.96973926
1963,6,-0.13,-1.44,2.72,-2.46,0.5,0.97,0.98,,-0.07,,-0.585,-0.41,-0.247,-0.058,-0.18176165,0.31836987
1963,7,-0.74,-0.76,1.99,-1.71,-1.1,0.85,0.77,,0.96,,-0.3035,0.52,0.212,-0.046,-0.22568226,1.3920821
1963,8,-0.95,-0.96,0.96,1.74,-1.01,-0.08,0.39,,-1.98,0.55,-0.6247,0.42,0.473,-0.084,-0.6695152,1.0450133
1963,9,1.89,-0.66,-0.12,1.02,0.87,-0.77,0.46,,0.49,1.3,0.0831,0.44,0.082,-0.213,-0.08034992,0.6874663
1963,10,1.53,-0.99,1.47,-1.47,0.93,0.6,0.23,,0.54,,1.0692,0.57,0.431,-0.082,0.7579975,0.8463839
1963,11,-1.47,0.98,-1.45,-0.95,-0.31,0.51,0.02,,1.29,,-0.4194,0.47,0.319,-0.068,-0.5861629,-0.6547228
1963,12,-1.87,-0.85,0.02,,1.46,0.18,-1.55,0.49,-0.56,,-1.1781,0.57,-0.059,-0.071,1.287917,-2.2279725
1964,1,-1.62,-0.15,-0.16,-1.95,-0.44,2.14,0.38,-0.31,1.7,,0.3846,0.48,-0.461,-0.086,3.1848252,0.80761683
1964,2,-2.06,-0.33,0.01,-2.52,1.36,-0.23,-0.46,1.91,1.12,,-0.5749,0.28,-0.692,0.01,0.016177952,-0.2574697
1964,3,-1.66,1.07,-0.29,-1.39,-1.31,1.42,1.17,,2.01,,-0.5582,-0.33,-0.312,0.028,0.26242977,-0.9704767
1964,4,0.25,0.05,1.99,-2.03,-1.3,0.93,0.84,,0.6,,0.6634,-0.53,-0.224,-0.157,0.1200555,-0.0999496
1964,5,0.53,0.72,0.19,0.33,-2.27,0.7,0.07,,1.71,,1.174,-0.88,-0.52,0.03,-0.13492298,0.55377996
1964,6,1.61,0.21,-0.88,1.9,0.27,1.77,0.41,,0.4,,0.1416,-1.01,-0.344,-0.007,-0.064623475,0.96996146
1964,7,1.92,-1.27,1.86,-2.58,0.2,0.36,-1.06,,0.52,,0.7342,-0.92,-0.829,-0.155,-0.0364635,1.9206998
1964,8,-2.4,-1.35,1.23,0.78,0.83,3.04,0.26,,-0.88,0.66,-1.2066,-1.14,-0.683,-0.245,0.07520002,1.2313738
1964,9,0.34,0.26,0.46,0.16,0.92,0.8,-0.84,,-0.59,-0.88,-0.2272,-1.4,-0.98,-0.231,0.41110098,1.2465498
1964,10,1.32,-1.35,1.41,0.17,0.8,-0.42,1.15,,0.2,,0.3417,-1.15,-1.028,-0.282,0.07191712,-0.3164295
1964,11,-0.14,-0.67,-0.79,-0.74,-0.78,0.86,-1.03,,-1.13,,-0.3444,-1.37,-0.284,-0.177,1.4676895,0.12648833
1964,12,-0.23,-2.98,-0.43,,-2.03,-0.27,1.16,-0.41,0.43,,-0.2461,-1.21,-0.182,-0.132,-1.0576562,-1.5899019
1965,1,-0.65,-1.83,-1.0,0.6,-0.92,-0.37,0.39,0.03,0.85,,-1.0458,-0.83,-0.331,-0.21,-1.046031,-0.593884
1965,2,-2.2,-2.32,-1.04,-0.93,-1.03,1.46,-0.21,0.65,-1.02,,-2.0841,-0.47,-0.447,-0.188,1.7460525,-0.027608752
1965,3,-1.99,0.89,-1.17,2.23,-0.8,-1.84,-0.42,,1.92,,-0.905,-0.42,-0.186,-0.089,-0.4927665,0.36882198
1965,4,0.64,-1.89,0.49,1.02,-1.07,0.67,0.29,,0.57,,0.5681,-0.3,-0.285,-0.108,-0.36913514,-0.21156776
1965,5,-0.52,-0.85,1.18,0.07,-0.42,2.95,-0.61,,0.64,,-0.1525,-0.08,-0.54,-0.11,-0.47938803,0.2671272
1965,6,0.6,-0.16,1.19,-1.56,1.89,1.33,0.14,,0.62,,0.0378,0.37,-0.488,-0.138,-0.3267855,0.9051004
1965,7,0.35,-1.71,2.64,0.75,-1.26,0.37,-1.36,,-1.04,,-0.5099,0.51,-0.473,-0.199,-0.8525734,0.9651039
1965,8,0.45,-1.81,1.62,2.32,0.32,1.29,0.53,,-1.55,0.24,-0.2549,0.68,-0.247,-0.221,-0.21848536,0.9606592
1965,9,0.51,-0.54,-1.29,2.26,0.36,0.66,0.99,,-1.06,-2.68,-0.6978,0.61,-0.197,-0.233,-0.44614893,0.11282182
1965,10,0.92,-1.49,1.57,0.85,1.42,3.08,1.67,,1.6,,0.3937,1.07,0.017,-0.259,2.0082603,-0.53765374
1965,11,-1.88,-0.46,1.56,0.21,-0.81,-0.4,0.57,,-1.82,,-1.3412,1.02,-0.225,-0.288,-0.59579533,-0.9691949
1965,12,1.18,0.28,0.38,,-1.56,-1.13,0.95,-1.49,1.22,,0.163,1.04,-0.29,-0.135,-2.1097417,-0.6936088
1966,1,-2.54,0.16,0.42,-0.36,-0.15,-0.49,0.33,-0.31,0.96,,-3.232,0.78,-0.232,-0.087,-0.40346295,-0.94373584
1966,2,-2.02,1.69,0.73,-0.55,-2.05,-0.02,-0.16,-0.08,-1.28,,-1.4381,0.44,-0.163,-0.001,-0.16715217,-1.3329315
1966,3,0.18,-2.42,-0.76,-0.94,0.43,1.5,-0.45,,-0.55,,-0.9107,0.66,-0.341,-0.021,0.13513553,0.7874099
1966,4,-0.96,0.73,0.08,1.96,-0.54,0.08,1.5,,-0.73,,-1.8373,0.28,-0.435,0.032,-1.0848633,-0.2656923
1966,5,0.25,1.02,0.51,-0.67,-0.15,0.06,0.24,,2.35,,1.1243,-0.4,-0.423,-0.01,-0.2435376,0.029229477
1966,6,1.37,-0.05,-1.03,0.23,0.1,0.84,1.25,,0.68,,0.408,0.1,-0.119,-0.057,0.17899752,0.6536176
1966,7,0.35,-1.74,2.82,-0.57,-1.18,-1.23,0.43,,-0.53,,0.0109,0.18,-0.005,-0.067,-0.75100523,0.998437
1966,8,-2.39,-0.14,-0.34,0.63,1.26,1.87,0.23,,0.79,1.49,-0.9453,-0.29,0.129,-0.055,-0.4934501,0.79543567
1966,9,-0.29,-1.11,0.55,1.58,0.63,2.66,-1.73,,0.76,0.99,0.0111,-0.34,0.102,-0.012,0.6132081,0.53356856
1966,10,-0.23,-1.26,-0.96,0.46,-0.61,0.87,1.9,,0.93,,-1.0766,-0.39,-0.304,0.002,-0.2419356,-1.456675
1966,11,-0.18,-1.11,0.95,0.74,-1.96,-2.94,1.0,,0.72,,0.1106,-0.27,-0.361,-0.009,-1.4210048,-0.03933326
1966,12,0.58,-1.96,-1.34,,-0.21,-0.61,3.15,-1.18,1.35,,-1.4015,-0.53,-0.236,0.068,-1.5666182,0.35566363
1967,1,-1.55,-0.95,0.86,-0.22,-1.16,0.34,0.19,-0.01,1.11,,-0.5759,-0.81,-0.237,0.07,0.3553325,-0.09814572
1967,2,-0.23,-0.22,-0.0,-0.56,-0.2,-0.52,0.64,1.27,2.46,,1.1801,-0.75,-0.073,0.076,0.30189365,-0.2529636
1967,3,1.18,-1.34,0.02,0.87,-2.25,-0.01,-0.73,,-0.44,,1.9668,-0.58,0.249,-0.046,-0.62605184,1.15783
1967,4,0.05,-2.75,1.51,0.14,-1.91,-1.07,-1.12,,1.63,,1.6996,-0.64,-0.263,-0.027,-0.8218711,-0.9875506
1967,5,-0.87,0.9,-1.38,2.02,-0.8,-0.18,1.37,,0.98,,0.1265,-0.31,-0.166,-0.199,-1.7248249,-0.0412035
1967,6,1.72,-1.31,-0.4,0.88,-0.33,1.86,0.38,,-0.33,,0.6466,-0.1,0.044,-0.273,0.21880174,0.7472708
1967,7,0.44,0.5,0.31,-0.12,-1.24,1.25,-1.72,,-0.18,,0.2593,-0.31,0.139,-0.242,0.19500303,1.6446018
1967,8,1.73,-0.14,0.15,1.1,-0.35,-0.8,1.12,,-1.24,2.0,-0.293,-0.55,0.13,-0.177,-0.71969855,1.0748302
1967,9,1.05,-1.03,0.01,0.35,0.11,0.83,1.21,,-0.12,1.6,0.1329,-0.79,0.145,-0.109,0.08940196,0.48627418
1967,10,0.59,0.59,-0.8,-0.24,1.1,-0.25,-1.58,,1.47,,1.2986,-0.61,0.158,-0.112,-1.1182257,0.19761828
1967,11,0.5,-0.84,-0.59,-0.03,-0.35,-1.66,1.36,,2.19,,0.3336,-0.51,0.023,-0.246,-1.1885228,-1.0579481
1967,12,-0.51,-3.32,-0.56,,-1.12,0.4,-1.23,-0.82,-0.62,,-0.3469,-0.52,0.054,-0.165,0.33595932,-0.9689602
1968,1,-0.36,-2.67,-2.08,-0.24,-1.78,0.62,-1.06,-0.94,-0.88,,-0.4088,-0.73,0.213,-0.259,0.44441235,0.7007297
1968,2,-1.91,-0.14,-3.18,-0.65,1.11,-1.26,-0.44,-0.62,1.86,,-2.1537,-0.7,0.334,-0.21,-0.6020007,-1.6605148
1968,3,0.02,-1.61,-0.04,0.05,0.13,2.16,-1.36,,0.98,,1.7408,-0.78,0.153,-0.221,0.27966315,-0.547671
1968,4,-1.32,0.42,-0.91,-2.88,-1.11,-0.01,-0.2,,-0.36,,0.3277,-0.52,0.073,-0.168,-0.00984323,-0.3763981
1968,5,-1.58,0.4,-0.93,1.07,0.23,0.16,0.74,,1.62,,-0.2406,-0.68,-0.123,-0.136,-1.2827165,0.06685597
1968,6,0.64,0.44,-1.19,-0.73,-0.08,1.26,1.01,,1.5,,0.4197,0.09,0.09,-0.275,0.0807209,0.6183486
1968,7,-0.77,-0.92,1.18,1.71,-0.04,2.57,0.87,,0.28,,-0.8361,0.06,-0.522,-0.242,0.44643718,1.4705868
1968,8,-0.97,-1.93,0.64,0.75,1.3,-0.46,0.57,,1.26,-1.07,-0.6706,0.01,-0.455,-0.226,-0.121747375,0.41190827
1968,9,-1.73,0.14,-0.72,-0.91,-0.87,0.11,0.97,,-0.84,-0.17,-1.0089,-0.24,-0.734,-0.162,-0.1957345,0.49776977
1968,10,-1.99,0.27,0.97,-0.33,0.45,1.59,-0.45,,0.62,,-1.0132,0.12,-0.531,-0.126,0.62781477,0.7046159
1968,11,-1.11,-0.28,-0.97,-0.16,0.83,2.2,1.56,,0.4,,-2.1826,0.53,-0.454,-0.12,0.6234337,-1.9927406
1968,12,-1.39,-0.15,0.64,,-1.74,-0.58,1.06,-1.1,1.36,,-0.7832,0.45,-0.213,-0.139,0.047313094,-1.4447925
1969,1,-1.48,-1.7,-0.71,0.6,-2.96,0.17,1.49,-1.6,-1.55,,-2.9675,0.96,-0.162,-0.075,0.3426069,-0.19829158
1969,2,-2.2,-0.52,0.61,-0.58,-1.97,-2.12,1.41,-2.14,0.19,,-3.1135,0.99,-0.164,0.092,-0.9687762,-2.0467267
1969,3,-2.04,0.02,0.56,-0.02,0.47,1.61,0.52,,1.19,,-1.5822,0.5,0.06,0.194,0.48657078,-0.5907142
1969,4,1.52,-1.37,1.58,0.32,0.48,0.56,0.28,,0.6,,0.4385,0.38,-0.05,0.136,-0.7811064,-0.45921147
1969,5,0.56,0.97,1.65,1.0,1.02,0.99,1.47,,-0.72,,-0.7203,0.46,-0.166,-0.002,0.18169644,0.20857087
1969,6,0.86,0.57,1.37,3.19,2.11,2.16,1.05,,0.52,,-0.3478,0.2,-0.626,0.016,0.34183294,0.44539535
1969,7,0.6,-0.1,-0.61,-1.13,0.51,1.61,-2.15,,-0.4,,0.4095,-0.11,-0.406,0.081,0.8432869,1.9026792
1969,8,-1.99,-1.82,-2.18,-0.14,-0.69,-0.21,1.44,,-0.68,0.71,-0.7818,0.17,-0.35,-0.114,0.14207137,0.6721882
1969,9,2.17,-0.51,0.25,0.09,1.31,-0.68,-0.06,,0.35,0.23,-0.0834,0.33,-0.248,-0.12,0.48079693,0.455162
1969,10,1.23,0.54,0.32,1.67,0.55,2.33,-0.65,,-0.84,,0.0976,0.46,-0.2,-0.198,2.5431867,0.28620073
1969,11,-1.14,-0.48,-0.36,-0.11,0.13,-2.27,-0.27,,1.18,,0.3258,0.46,-0.004,-0.137,-1.6485866,-1.0822475
1969,12,-0.35,-2.81,0.57,,1.53,-0.96,1.2,-0.93,-0.06,,-1.8556,0.66,-0.085,-0.044,-0.46874073,-1.5202589
1970,1,-2.26,1.25,-2.17,0.23,0.12,-0.14,0.84,-0.26,-0.06,,-2.4124,0.2,0.298,-0.023,-0.3270049,-1.9403076
1970,2,0.28,-0.17,0.01,0.61,1.01,-1.15,-0.45,0.24,-1.74,,-1.3253,-0.05,0.326,-0.061,-1.6137304,0.0026174784
1970,3,-1.41,-0.7,-0.29,0.62,0.49,-4.17,1.11,,-0.27,,-2.0841,0.04,0.068,0.006,-1.7191067,-0.8699462
1970,4,-1.56,1.2,0.87,-0.45,-0.66,-0.18,-0.41,,1.11,,0.302,0.17,0.219,0.007,-1.5821432,0.53604436
1970,5,1.11,-0.41,-0.15,-0.57,-0.5,-0.2,0.81,,0.17,,0.5306,-0.12,0.182,-0.059,0.14269489,0.13060233
1970,6,1.87,-0.03,-0.13,-0.72,0.23,0.36,1.53,,1.19,,0.8754,-0.42,-0.385,-0.195,0.8602851,0.60629547
1970,7,0.13,-0.46,1.0,-1.42,0.74,1.15,-1.24,,0.05,,0.1387,-0.65,-0.57,-0.213,-0.7164545,1.404325
1970,8,0.0,-0.47,1.01,0.93,-0.6,2.4,2.24,,-0.4,1.32,-0.2626,-0.88,-0.35,-0.153,0.42812365,0.92826515
1970,9,0.06,0.41,-1.5,-0.27,-0.39,-0.12,-0.33,,-0.77,-0.84,0.0297,-1.04,-0.599,-0.151,-0.11208725,1.0541956
1970,10,-0.49,-0.88,1.4,-0.72,-0.95,0.46,-0.57,,0.53,,0.0982,-0.89,-0.638,-0.209,0.36746168,0.36588165
1970,11,-0.76,0.58,0.5,-0.05,-1.15,-0.35,0.03,,0.48,,0.3784,-0.96,-0.307,-0.253,0.022470117,0.027906895
1970,12,-1.2,-1.89,0.57,,-1.09,0.81,0.73,-0.37,0.55,,-0.3991,-1.18,-0.235,-0.222,1.1079963,-1.0736673
1971,1,-1.82,1.72,-2.51,0.05,-2.43,-1.57,-0.18,0.28,2.6,,-0.1627,-1.71,0.198,-0.259,-0.22344851,-1.0852488
1971,2,-0.17,-1.26,-1.65,-1.99,-0.16,0.38,0.11,-0.22,-1.85,,-0.9219,-1.46,0.013,-0.305,1.1457279,0.7208673
1971,3,-1.28,-1.59,-0.15,-0.22,-0.28,-0.32,0.3,,0.42,,-1.0907,-1.3,0.208,-0.323,-0.39759815,-1.5578687
1971,4,-0.41,-1.74,-0.08,-1.95,0.23,0.66,0.41,,-0.81,,-0.5834,-0.94,0.24,-0.426,0.24394666,-1.5484033
1971,5,0.51,-0.43,0.76,-1.14,1.09,0.72,1.34,,1.16,,0.6793,-0.92,-0.074,-0.339,0.30441797,-0.40287423
1971,6,-1.28,-0.71,1.64,-0.28,0.51,0.95,1.31,,0.19,,-0.6683,-1.04,-0.236,-0.376,-0.26738432,0.85956717
1971,7,0.27,-1.24,0.77,2.19,-1.74,0.02,-0.0,,0.19,,-0.5785,-0.9,-0.354,-0.362,0.10496473,1.2326757
1971,8,1.87,-1.68,-0.87,1.78,-0.81,1.67,0.18,,-0.36,1.75,0.8175,-0.93,-0.547,-0.448,0.25070298,0.9154661
1971,9,0.53,-2.12,-0.48,-0.39,0.15,-0.3,-0.3,,0.38,-0.98,0.1534,-1.05,-0.746,-0.379,0.10470629,0.5912306
1971,10,1.14,-0.2,0.86,-0.49,-1.35,1.94,-0.74,,0.93,,1.1847,-1.05,-0.629,-0.248,1.758477,1.0940454
1971,11,-0.34,-1.9,0.31,-0.34,-0.26,-1.35,-1.43,,1.43,,0.4188,-0.92,0.018,-0.256,-0.37841845,-1.4622712
1971,12,0.47,-2.07,0.45,,-1.76,1.63,0.44,0.33,-0.12,,0.8239,-0.86,0.215,-0.321,1.9556949,0.1263504
1972,1,-0.19,-0.97,-0.05,-0.46,-2.46,0.56,2.42,1.34,-0.5,,0.1665,-0.68,0.143,-0.331,1.0875156,-1.776056
1972,2,-0.08,0.59,-2.26,0.15,-2.27,-1.07,2.01,-0.36,1.55,,-0.1954,-0.2,-0.216,-0.393,-0.029030085,-1.7967365
1972,3,0.35,-1.88,-1.87,-1.36,-0.1,2.15,0.15,,-0.45,,-0.1407,-0.16,0.03,-0.452,0.7352284,-0.6584388
1972,4,-0.38,-1.15,-0.01,-1.52,-1.95,-0.57,-0.89,,0.67,,1.0074,0.2,0.131,-0.339,-0.71811306,0.01986897
1972,5,0.93,-0.42,1.23,0.31,0.21,0.03,1.63,,0.13,,0.1402,0.23,0.157,-0.482,-0.77853215,0.16714476
1972,6,1.19,0.82,2.06,-2.96,-0.15,0.91,1.75,,-2.51,,-0.0491,0.41,0.738,-0.501,-0.64923954,0.328891
1972,7,0.21,-0.97,-0.32,2.2,-1.13,-0.16,2.13,,-0.03,,-0.5529,0.64,0.708,-0.388,0.15656245,0.87409115
1972,8,1.57,-1.55,1.09,1.76,-0.04,-1.63,1.32,,0.22,1.01,-0.082,0.73,0.511,-0.396,-0.27705073,0.9463317
1972,9,0.03,-2.69,-1.61,0.93,0.13,1.22,1.24,,-0.84,-2.16,-0.9196,0.76,0.363,-0.316,0.82783294,-0.24889132
1972,10,1.7,-1.94,0.51,1.48,-1.49,0.47,0.52,,0.13,,0.3918,1.12,0.327,-0.299,1.0397179,-0.515218
1972,11,0.43,0.22,0.19,-0.32,0.53,-0.07,-0.34,,-1.45,,-0.3803,1.3,0.67,-0.29,0.105768085,0.0049455166
1972,12,0.09,0.31,0.71,,-0.86,-0.21,0.59,1.79,0.06,,1.2375,1.26,0.477,-0.364,0.5932099,-0.47818708
1973,1,-0.46,0.94,0.47,-0.8,-0.88,1.06,1.68,-0.93,1.2,,1.2318,1.09,0.043,-0.387,2.2466404,-0.027665854
1973,2,0.52,-1.03,1.12,0.95,-0.14,-0.89,-0.57,-0.56,1.37,,0.7862,0.91,-0.077,-0.406,-0.18636239,-0.17340878
1973,3,-0.09,-0.03,0.56,-1.94,0.53,-0.35,-0.24,,0.44,,0.5372,0.39,-0.001,-0.357,1.1884971,-0.018627048
1973,4,-0.73,-1.53,1.33,0.6,0.11,-0.32,-0.13,,-1.14,,-1.1257,-0.39,-0.116,-0.277,-1.4884506,-0.13803172
1973,5,-0.36,1.32,0.71,-1.49,0.67,-0.71,0.27,,0.99,,0.0735,-0.64,0.084,-0.182,-0.74392945,0.31824517
1973,6,0.7,0.21,-1.34,-1.3,1.01,-0.0,0.56,,0.91,,0.5312,-0.92,-0.225,-0.188,0.14933348,0.59762084
1973,7,0.6,-0.58,0.42,-1.27,-0.26,1.35,1.86,,-1.37,,0.2705,-1.13,-0.495,-0.117,0.41777045,0.9174369
1973,8,-0.2,-0.46,0.06,-0.1,-0.95,1.67,-0.95,,-0.22,-0.64,0.3125,-1.24,-0.607,-0.146,0.4819082,1.4502336
1973,9,-0.15,0.88,0.06,0.68,-0.27,2.91,-0.67,,-0.0,0.76,0.1142,-1.43,-0.773,-0.144,1.1879644,0.4734558
1973,10,-0.84,-0.99,0.9,-0.62,-0.74,1.34,-0.59,,0.5,,0.3371,-1.6,-0.449,-0.229,1.0318451,0.3775235
1973,11,-1.11,-0.27,0.29,-0.27,-1.66,-0.34,-1.87,,-1.51,,0.0022,-2.05,-0.157,-0.222,0.47887984,0.43601573
1973,12,0.21,-2.78,0.43,,0.23,-0.34,-1.52,-0.57,-0.45,,-0.1815,-2.18,0.047,-0.251,0.06137854,-2.0387907
1974,1,1.05,0.3,-3.37,-0.65,-1.54,0.47,1.18,0.48,-1.83,,0.2322,-2.04,0.279,-0.289,0.30974507,1.2254782
1974,2,-0.6,-0.0,-0.78,-1.12,-1.5,-1.65,0.56,-0.04,0.46,,-0.4893,-1.6,0.156,-0.296,-0.6121035,-1.314453
1974,3,-0.43,-0.24,-1.26,0.32,-1.1,-0.86,1.71,,0.79,,-0.7463,-1.38,0.249,-0.414,-0.38412222,-1.2226593
1974,4,0.41,-3.14,-0.19,-0.41,-0.73,1.3,0.89,,0.07,,0.3088,-1.11,-0.053,-0.536,0.8410103,-0.91226923
1974,5,-0.17,-0.72,0.36,0.03,-0.4,0.72,0.17,,-0.22,,-0.507,-1.08,-0.239,-0.513,-0.64000034,-0.13512942
1974,6,0.17,0.09,-0.13,-2.29,-1.36,1.81,1.41,,-0.91,,-0.0475,-0.61,-0.027,-0.46,-0.18798351,0.544124
1974,7,-0.73,-1.46,0.81,-1.52,-0.09,0.33,0.1,,-0.77,,0.39,-0.96,-0.249,-0.528,-0.9772582,1.7960035
1974,8,-0.95,-0.37,0.24,2.42,0.9,0.94,0.26,,0.8,-0.84,-0.5334,-0.57,-0.498,-0.481,0.2273342,1.1690276
1974,9,0.95,-0.05,-0.4,2.56,0.35,-0.55,0.85,,-0.31,-1.25,-0.1358,-0.67,-0.661,-0.519,-1.5619433,0.53425443
1974,10,1.04,-2.68,-0.22,0.18,0.93,-1.46,1.0,,-1.73,,-1.0239,-1.08,-0.845,-0.521,-1.6706617,-0.16942754
1974,11,-0.7,-0.12,0.42,-1.75,0.53,-0.27,0.88,,0.48,,-0.4348,-1.11,-0.551,-0.439,-0.66957843,-0.09516603
1974,12,1.3,-0.67,-0.89,,0.38,0.48,2.06,-1.02,2.55,,0.5565,-0.97,-0.36,-0.374,-0.9380977,1.8420681
1975,1,0.17,-0.15,-0.46,-1.52,-1.2,-0.22,-0.81,0.99,0.42,,1.5945,-0.58,-0.367,-0.286,0.17195833,0.69311523
1975,2,-1.15,-0.31,-0.77,-0.5,-0.51,1.35,0.29,0.36,0.67,,0.1945,-0.57,-0.25,-0.351,2.4476602,0.27928072
1975,3,-1.04,-0.53,-0.46,-0.14,-0.81,0.85,-0.06,,1.21,,0.1512,-0.87,-0.464,-0.322,-0.54359186,-2.1524496
1975,4,-1.89,0.03,0.37,-1.57,-0.67,-1.69,-0.51,,0.61,,0.4088,-0.75,0.087,-0.358,-1.1804432,0.023542225
1975,5,-0.43,-1.36,-0.45,-1.21,0.6,-0.51,0.5,,0.53,,-0.6143,-0.98,0.066,-0.401,-0.37207487,-0.31078702
1975,6,-0.54,-1.51,-0.61,-2.09,-0.31,0.97,0.28,,0.48,,-0.3232,-1.33,0.055,-0.308,-0.08553219,0.85729563
1975,7,1.57,-1.13,1.59,0.6,-1.53,0.45,-0.13,,0.23,,0.3453,-1.21,-0.039,-0.285,0.10146463,1.3249544
1975,8,-0.46,-1.74,0.32,0.99,-1.1,2.24,1.72,,0.19,-0.76,0.13,-1.47,-0.344,-0.198,1.0833011,1.015067
1975,9,1.67,0.16,0.22,0.81,-0.23,-0.71,0.22,,0.46,-0.56,1.2783,-1.69,-0.857,-0.349,-0.5655043,0.94962037
1975,10,-0.08,0.26,-0.0,-0.56,-0.65,1.63,1.73,,0.62,,0.1377,-1.72,-1.056,-0.367,1.7139134,0.5986241
1975,11,0.3,-1.21,1.04,-1.14,-0.63,0.32,0.1,,0.21,,0.6187,-1.51,-0.328,-0.354,0.4087796,-0.71167445
1975,12,-0.09,-3.13,-1.01,,-0.16,0.92,-1.48,-0.35,1.69,,1.2898,-1.97,-0.169,-0.335,1.4547472,-0.36913055
1976,1,-0.8,-2.72,-0.71,-0.3,-0.25,0.61,-1.57,0.66,-0.24,,0.0343,-1.74,0.005,-0.398,0.8764604,0.47592998
1976,2,0.61,-0.9,-0.39,0.07,-2.38,0.86,0.87,0.0,0.87,,1.6563,-1.04,0.077,-0.454,1.7652262,-0.46392363
1976,3,0.38,-1.27,-0.06,-0.83,-1.78,-1.58,1.17,,-0.47,,0.5871,-0.83,0.02,-0.507,-0.5939146,0.42726582
1976,4,0.14,-2.32,0.92,-1.52,0.92,-0.68,-0.4,,0.77,,0.4397,-0.59,0.122,-0.439,-0.09310707,-0.8710067
1976,5,0.94,0.25,1.19,-0.9,0.58,-0.31,0.36,,-0.28,,0.0596,-0.61,-0.004,-0.501,-0.64920706,0.10600597
1976,6,1.11,-2.18,1.28,-0.03,-1.32,2.24,0.14,,-1.08,,0.328,-0.3,0.369,-0.497,0.48597753,0.82094765
1976,7,-0.29,-1.99,2.35,-1.21,-0.12,1.97,2.14,,-0.35,,-0.3253,-0.1,0.593,-0.32,0.9087896,0.93292457
1976,8,2.34,-3.33,1.22,0.23,-0.62,-1.0,1.53,,0.53,0.41,0.5586,-0.01,0.107,-0.198,0.61649,0.77363014
1976,9,-1.11,-2.21,0.1,1.82,-0.04,1.69,0.33,,0.26,0.92,-0.7425,0.16,-0.208,-0.206,0.1614945,-0.046514325
1976,10,0.42,0.2,-0.66,1.53,0.91,0.96,2.75,,0.41,,-0.8041,0.52,-0.231,-0.306,0.5635529,-1.439148
1976,11,0.04,-0.63,0.23,2.19,1.72,-0.48,0.68,,2.79,,-0.0873,0.66,-0.181,-0.429,-0.37078273,0.25286227
1976,12,-1.57,-0.42,-1.11,,0.21,-1.78,1.89,0.27,0.89,,-2.0743,0.36,0.029,-0.445,-1.9316586,-2.175049
1977,1,-1.72,-0.8,-1.08,0.75,1.6,-0.49,1.11,0.88,-2.48,,-3.7671,0.57,-0.003,-0.402,-0.6880131,-1.7666978
1977,2,-1.0,2.06,0.08,-1.4,2.43,-1.73,0.84,0.22,-0.17,,-2.0105,0.25,-0.261,-0.346,-0.8967943,-0.71454555
1977,3,-1.25,1.92,1.83,-1.44,-0.69,0.45,-0.6,,0.32,,0.3445,0.18,0.174,-0.196,-0.1264283,0.028279185
1977,4,0.56,0.36,0.97,0.25,-0.32,-1.01,-1.59,,0.97,,1.3285,-0.23,-0.029,-0.23,-1.9034613,0.5623913
1977,5,-0.75,-1.67,-0.43,-1.84,-0.56,-1.21,-0.25,,0.33,,0.1043,-0.16,-0.341,-0.183,-0.78833747,-0.4882462
1977,6,-0.27,-0.34,0.17,-0.24,0.57,0.3,0.58,,-0.18,,-0.2262,0.23,-0.095,-0.12,-0.55006266,0.614205
1977,7,-0.42,-0.54,0.96,0.03,-1.04,-0.01,2.11,,-0.83,,-0.4917,0.37,-0.171,-0.119,-0.073658824,0.96296793
1977,8,-0.49,-0.05,0.77,1.69,2.2,-1.13,1.38,,-0.19,-0.32,-1.4122,-0.01,-0.261,-0.158,0.26809525,0.5369558
1977,9,0.51,-0.95,2.13,-0.47,-0.72,0.88,-0.54,,0.2,-1.27,0.5865,0.26,-0.259,-0.245,0.7586154,0.87908715
1977,10,1.08,0.23,1.67,-0.29,1.25,1.01,1.8,,-0.54,,-0.0092,0.59,0.245,-0.237,1.1934088,-0.46377686
1977,11,-0.21,0.04,-0.27,0.05,-0.22,-0.87,-0.66,,0.21,,0.6053,0.61,-0.127,-0.156,-1.2034812,-0.5757457
1977,12,-1.02,0.89,-0.67,,-0.8,0.33,0.49,-0.07,0.88,,-0.2396,0.61,-0.02,-0.218,1.3617382,-0.18171144
1978,1,0.26,-1.12,-0.01,2.76,0.13,-0.63,0.51,-0.6,1.77,,-0.347,0.52,-0.64,-0.119,-0.63787377,-0.8835005
1978,2,-2.94,0.79,-0.15,0.48,1.4,-0.98,0.23,-0.65,1.69,,-3.0136,0.31,-0.53,-0.16,-0.80867624,-1.9774787
1978,3,0.33,0.95,-1.26,1.38,-0.18,-0.24,0.43,,0.26,,0.5019,0.02,-0.583,-0.171,-1.420908,0.56903875
1978,4,-1.42,-1.13,0.18,0.82,-0.19,1.22,0.79,,-0.22,,-0.9671,-0.49,-0.214,-0.208,-0.0011202693,-1.3276483
1978,5,1.05,-0.83,-0.04,-0.23,-0.73,0.1,0.87,,-1.04,,0.059,-0.35,-0.533,-0.217,0.30319053,-0.056803823
1978,6,1.7,1.02,3.39,0.5,-0.92,-0.14,0.44,,-0.31,,0.6346,-0.47,-0.175,-0.346,-0.30837756,0.44364396
1978,7,-1.11,0.12,2.46,1.7,-2.43,0.38,0.99,,-0.68,,-0.604,-0.33,-0.107,-0.289,-0.14330775,1.669212
1978,8,0.7,-1.39,0.66,0.77,0.02,1.73,0.94,,-1.68,-0.95,-0.3537,-0.77,-0.224,-0.24,0.25666475,1.0358605
1978,9,0.6,-1.08,0.92,-0.48,1.38,0.83,-1.6,,-0.13,0.03,-0.099,-0.45,-0.26,-0.203,0.27151483,0.99657613
1978,10,2.61,-2.06,-0.76,0.43,0.69,1.42,-0.5,,0.1,,0.8946,-0.44,-0.502,-0.22,1.7995596,0.55883664
1978,11,3.06,-0.01,0.1,1.28,-0.48,1.1,-0.68,,1.23,,2.4695,-0.2,-0.458,-0.132,1.7583504,0.8881699
1978,12,-1.54,1.5,1.3,,-1.02,0.29,-0.23,-0.7,-0.28,,-0.9801,0.09,-0.26,-0.195,0.47331417,-1.6857572
1979,1,-2.12,-0.98,1.43,2.12,-1.54,-0.79,0.53,0.4,0.71,,-2.2328,0.05,0.317,-0.205,-0.99283457,-2.1796608
1979,2,-1.2,1.28,-0.66,-0.18,-2.73,-0.2,0.19,-0.57,1.81,,-0.6967,0.05,-0.159,-0.164,0.22152042,-1.4550414
1979,3,0.41,-0.94,-0.29,0.83,0.08,-0.1,0.75,,-1.87,,-0.8141,0.07,-0.034,-0.241,-1.7568728,-0.7881769
1979,4,-2.01,-0.63,0.85,0.66,-0.15,0.15,0.22,,0.08,,-1.1568,0.05,-0.207,-0.25,-0.44049722,-0.050055727
1979,5,-0.9,1.45,-0.13,-0.87,1.27,-0.83,-0.38,,0.77,,-0.2501,-0.06,-0.444,-0.13,-1.6880128,0.4800259
1979,6,1.92,0.15,1.56,-0.48,-1.64,0.78,0.19,,-0.16,,0.9332,-0.05,0.109,-0.055,0.91154605,0.7048341
1979,7,0.86,-0.59,1.72,-0.24,0.51,-0.44,-1.45,,-1.28,,0.0385,-0.13,-0.315,-0.107,-0.20849466,1.2082214
1979,8,1.11,-0.92,1.57,1.82,0.67,-0.42,0.38,,-1.53,0.06,-0.6841,-0.2,-0.226,-0.128,-0.8414705,0.6010613
1979,9,1.13,-0.42,0.35,0.58,1.02,-0.26,-1.41,,-0.65,0.73,-0.0459,0.17,-0.279,-0.122,0.31246036,0.8193563
1979,10,0.18,-0.26,0.71,0.87,1.85,0.65,1.26,,-0.27,,-1.2434,0.04,-0.314,-0.1,0.79022807,-1.3978796
1979,11,0.42,0.62,2.48,0.92,0.51,-1.54,-0.15,,0.74,,0.4751,0.33,-0.251,-0.098,-1.0563835,0.3723334
1979,12,0.84,0.94,0.03,,-0.68,0.19,0.35,-0.34,1.67,,1.2948,0.48,-0.101,-0.072,-0.6437703,0.080280185
1980,1,-1.38,-1.08,-1.71,0.53,-1.01,0.31,0.44,-0.32,-0.92,,-2.0657,0.44,-0.158,-0.014,0.19295287,-1.4440275
1980,2,-0.39,-0.13,-0.5,0.86,2.03,-0.3,0.82,-0.12,0.99,,-0.9337,0.35,-0.2,-0.091,0.557738,0.7668018
1980,3,-0.73,0.18,1.09,0.15,-0.64,-1.42,1.27,,-0.52,,-1.4333,0.18,-0.418,-0.151,-0.7040811,-0.4571545
1980,4,1.26,-1.99,0.72,-0.75,1.66,0.3,0.62,,-0.28,,-0.4191,0.13,-0.096,-0.013,0.13424215,0.2921502
1980,5,-1.34,-1.45,1.85,-0.7,-0.16,0.24,0.68,,-0.37,,-1.1548,0.23,-0.066,0.117,-0.43976507,-0.33835095
1980,6,-0.07,0.38,3.29,1.59,-0.81,-1.86,0.32,,1.39,,0.7215,0.3,-0.382,0.096,-0.6960262,0.7435129
1980,7,-0.39,0.09,0.36,-0.35,-0.81,0.45,0.63,,-0.66,,-0.6222,0.1,-0.661,0.038,-0.34616113,1.1815811
1980,8,-3.01,-0.68,-1.39,-0.15,-2.03,1.18,-1.35,,0.19,-2.03,-0.1852,-0.35,-0.822,0.011,0.54307187,1.2173129
1980,9,0.79,0.9,-1.68,0.43,-0.08,-0.04,-0.14,,-0.02,-0.29,0.3126,-0.36,-0.745,-0.02,0.59569347,1.0097437
1980,10,-1.41,0.42,0.68,1.24,2.87,0.04,-1.17,,-0.11,,-0.5212,-0.2,-0.658,-0.074,-0.8563578,-0.13909759
1980,11,-0.52,-0.2,0.33,0.15,1.28,1.35,-0.4,,0.04,,-1.361,0.08,-0.417,-0.209,0.40555197,-0.5703045
1980,12,0.63,-1.29,-2.41,,-0.57,-1.17,-1.51,0.35,-0.43,,-0.0573,0.1,-0.483,-0.261,-0.38841686,0.55797493
1981,1,-0.08,-2.52,-0.82,1.02,2.46,0.11,-0.75,-1.26,1.91,,-0.1163,-0.45,-0.201,-0.189,-0.15268365,1.6540384
1981,2,0.6,-0.95,-0.3,-0.03,0.21,-1.13,0.59,-0.53,0.17,,-0.3316,-0.42,-0.024,-0.188,0.02458775,-0.13957542
1981,3,-1.65,1.58,0.35,0.03,1.27,0.9,-0.87,,-0.83,,-1.6447,-0.11,0.026,-0.007,-0.25610924,-0.40442508
1981,4,0.25,-1.5,0.22,-0.19,-1.23,1.37,-1.34,,-0.77,,0.4304,-0.57,0.093,-0.103,1.1335979,-0.67131525
1981,5,0.24,0.09,0.16,0.48,1.83,0.07,1.42,,1.3,,0.1796,-0.29,-0.018,-0.091,-0.59901965,-0.29786426
1981,6,-0.15,0.57,-2.09,-0.82,-0.1,-0.34,-1.07,,0.02,,-0.4379,-0.33,-0.239,-0.07,-0.6410168,0.7883533
1981,7,0.08,0.83,0.82,-0.94,-1.02,-1.08,0.7,,0.52,,0.5605,-0.55,-0.56,-0.102,-0.59962523,1.7732689
1981,8,0.38,-1.48,-0.96,0.7,-1.54,-2.09,-0.05,,-2.21,1.96,-0.2441,-0.39,-0.628,-0.123,0.05613482,1.1350315
1981,9,-1.27,0.54,-0.59,-0.4,0.08,-0.73,-0.06,,-0.64,1.38,-1.0401,-0.22,-0.757,-0.044,-0.09704304,0.64588183
1981,10,-0.96,0.16,-0.79,-0.01,-1.43,-2.08,-1.35,,-1.91,,-1.1675,-0.16,-0.606,-0.194,-2.1877503,0.043671936
1981,11,-0.53,0.01,-0.51,-1.5,1.19,-1.23,-0.69,,-0.49,,-0.1877,-0.42,-0.327,-0.144,-1.6011298e-05,1.3651581
1981,12,-0.11,0.58,0.74,,-0.42,-1.62,-0.47,-1.36,0.07,,-1.2157,-0.12,-0.019,-0.014,-2.32991,-2.208291
1982,1,-1.55,-0.23,0.03,1.11,-1.75,0.3,-0.77,1.2,0.74,,-0.8834,0.07,0.144,-0.089,0.9857915,-0.2559845
1982,2,0.86,-0.08,-1.57,1.16,-1.2,1.32,0.73,0.24,0.1,,0.9739,-0.13,0.167,-0.086,1.6743376,-0.1066193
1982,3,0.8,-0.47,0.84,0.41,-1.66,0.75,0.72,,-0.39,,1.0741,0.03,0.054,-0.088,0.11913586,0.14248538
1982,4,-0.04,-0.97,-0.52,-0.98,-2.08,-0.29,-1.57,,0.59,,1.4538,0.26,0.119,-0.19,-0.072707295,-0.17660376
1982,5,-0.44,0.72,0.67,-1.29,-0.53,0.1,-0.86,,-0.11,,-0.2087,0.53,0.223,-0.199,-0.46036142,0.42690727
1982,6,-1.34,1.23,1.88,0.1,2.17,2.17,-0.95,,0.46,,-1.1801,0.8,0.255,-0.192,-0.09683454,0.39220712
1982,7,1.18,-1.59,0.05,0.44,0.49,-0.2,0.39,,0.37,,0.0048,0.34,0.265,-0.236,0.4104178,0.7422546
1982,8,0.21,0.33,0.41,0.54,0.31,-0.11,-0.5,,0.48,-0.54,0.3622,0.44,0.256,-0.317,-0.5154954,1.0085694
1982,9,1.86,1.15,-0.03,0.54,0.83,-0.49,-0.3,,1.16,-0.37,0.5577,1.04,0.442,-0.315,-0.059873104,0.4943375
1982,10,-0.29,0.74,0.53,-0.57,-0.86,0.53,1.47,,-0.19,,-0.211,1.48,0.624,-0.379,0.17985143,-0.40864307
1982,11,1.55,0.85,0.52,0.38,-0.47,0.16,0.21,,-0.98,,0.6609,1.4,0.284,-0.425,-0.43727028,-0.42826164
1982,12,1.56,-1.34,1.42,,0.45,0.02,-0.28,0.44,-0.81,,0.9672,1.61,-0.163,-0.388,-0.6834774,0.029689074
1983,1,1.34,0.59,-0.05,-0.31,0.87,1.31,-1.33,-1.87,-0.79,,1.3591,1.68,-0.482,-0.306,1.0603096,2.6055055
1983,2,-1.04,-1.05,-0.89,-0.31,1.44,0.47,0.47,-1.84,1.18,,-1.8059,1.48,-0.588,-0.112,0.6219727,-0.9203732
1983,3,0.59,-0.36,-1.14,-0.6,2.03,-0.03,-0.52,,-1.12,,-0.5671,1.15,-0.752,0.073,0.19939631,0.03953761
1983,4,-1.07,1.31,1.09,-0.46,0.98,-1.85,1.24,,0.39,,-0.7378,0.66,-0.556,0.051,-2.0576715,-1.0538579
1983,5,-0.01,1.06,0.5,0.63,-0.08,-0.36,1.48,,-0.37,,-0.4409,0.68,-0.058,-0.056,-1.1024475,-0.04882312
1983,6,1.31,-0.92,-1.78,-0.95,2.1,0.75,-0.55,,-0.48,,0.3125,0.41,0.37,-0.062,0.16358268,0.45094904
1983,7,1.22,-1.72,0.37,-1.67,0.82,-0.98,0.74,,-0.01,,0.1305,-0.13,0.525,-0.023,0.6513027,0.48389125
1983,8,1.95,-0.54,-1.0,-1.43,0.5,0.98,-0.44,,1.2,-0.56,1.0978,-0.23,0.345,-0.166,1.2631845,0.64661586
1983,9,-0.95,1.93,-1.73,-0.56,-1.37,0.93,0.06,,-0.8,-0.56,0.1669,-0.51,-0.068,-0.224,0.25044936,0.80204314
1983,10,1.22,0.12,0.54,-0.57,0.26,0.37,-1.87,,0.42,,1.3689,-1.08,-0.288,-0.203,0.5643252,0.9174107
1983,11,-1.16,0.04,-0.41,-0.5,1.75,1.72,-1.83,,0.7,,-0.6879,-1.04,-0.343,-0.166,1.6287732,-1.0129286
1983,12,0.18,-0.05,-0.8,,-0.61,-0.98,-1.87,1.24,-1.28,,0.1862,-0.77,-0.101,-0.011,0.35235584,-0.54427683
1984,1,1.42,-0.31,-1.67,-0.97,0.6,-2.06,-0.46,1.07,-0.9,,0.905,-0.79,-0.223,-0.114,-2.0290337,0.078021765
1984,2,0.37,-0.34,-0.33,-1.41,0.73,-1.78,1.31,-1.26,0.24,,-0.3027,-0.47,-0.149,-0.096,-0.30899733,-0.1833303
1984,3,-0.79,-0.9,-1.04,0.98,1.08,-2.14,1.46,,1.24,,-2.386,-0.6,-0.122,-0.133,-0.9747778,-0.613081
1984,4,-0.45,-0.4,-0.91,-1.7,1.41,0.64,1.51,,0.78,,-0.2836,-0.66,0.05,-0.165,0.5629943,-0.62834346
1984,5,0.55,-0.92,-1.73,-0.64,0.37,-1.72,0.98,,0.82,,0.4792,-0.69,-0.304,-0.174,-0.6918349,-1.335433
1984,6,-0.12,-1.29,0.8,-0.76,-0.36,-0.17,0.03,,-0.74,,0.0073,-0.82,-0.356,-0.333,-0.13983256,0.7764351
1984,7,-0.04,-0.41,0.52,-0.1,-2.61,0.32,-0.72,,-1.53,,0.0189,-0.54,-0.366,-0.274,-0.14522338,1.4653685
1984,8,1.35,-2.22,0.24,0.85,-1.14,2.08,1.24,,-0.98,-0.03,0.4657,-0.46,-0.497,-0.234,0.86600757,0.86172026
1984,9,0.31,-1.59,0.17,1.25,-0.02,-0.63,-0.38,,-0.87,-0.47,-0.4128,-0.41,-0.608,-0.217,-0.47480056,-0.05100915
1984,10,0.43,1.91,-1.51,-0.49,-0.53,-0.17,-0.3,,-1.76,,-0.2703,-0.74,-0.654,-0.352,0.35391515,0.38019353
1984,11,-0.2,0.64,0.16,-0.94,0.39,1.18,1.13,,-0.58,,-0.9659,-0.97,-0.418,-0.432,-0.11948937,-1.8263415
1984,12,-0.09,-1.18,0.6,,-1.9,0.06,2.84,1.34,0.6,,0.446,-1.21,-0.278,-0.326,0.21210241,0.22506726
1985,1,-2.38,-0.78,-0.61,1.0,1.44,-0.34,0.41,1.07,0.05,,-2.8057,-0.8,-0.467,-0.363,-0.33338857,-1.1981113
1985,2,-1.0,-0.14,-1.12,-2.41,-0.99,0.38,-0.2,0.77,-1.72,,-1.4398,-0.83,-0.627,-0.338,1.009882,-0.27499616
1985,3,-0.19,-0.56,1.81,-0.67,-1.19,0.18,1.07,,1.48,,0.5514,-0.88,-0.541,-0.365,-0.9321847,-0.56592
1985,4,0.2,0.3,-0.53,-1.64,-1.27,0.48,-0.88,,-0.38,,0.6524,-1.01,-0.2,-0.409,-0.2160654,-0.35784236
1985,5,-0.4,-0.66,0.72,-0.31,-0.82,-0.14,1.28,,0.03,,-0.4322,-0.88,-0.223,-0.346,0.035599574,-0.7019964
1985,6,-0.5,1.06,0.37,-0.75,1.28,1.06,0.11,,-1.21,,-0.3466,-0.85,-0.629,-0.136,-0.7559127,0.27579063
1985,7,1.25,-0.23,0.24,1.93,-0.19,1.71,0.15,,-1.98,,-0.3896,-0.49,-0.404,-0.161,0.29760027,0.9908774
1985,8,-0.74,0.63,0.31,1.15,-0.53,0.63,0.25,,-0.19,-0.84,-0.0014,-0.46,-0.459,-0.29,-1.1298239,1.4383346
1985,9,-0.36,-0.18,-0.4,-0.22,-0.63,0.54,-2.12,,-1.24,-2.26,0.1144,-0.47,-0.238,-0.256,0.33651507,1.1552192
1985,10,1.49,0.17,0.09,-0.75,-1.5,1.69,0.37,,0.23,,1.0351,-0.4,-0.498,-0.254,2.311172,0.30343968
1985,11,-0.84,-0.17,-0.97,1.25,-1.83,-0.88,0.06,,-0.49,,-1.2175,-0.29,0.074,-0.304,-0.772508,-1.3461772
1985,12,0.11,0.12,-0.96,,1.08,-0.05,0.06,0.79,-2.86,,-1.9476,-0.25,-0.417,-0.345,0.06274134,-0.20546651
1986,1,0.78,-0.78,-0.36,0.52,0.6,-1.11,0.16,-0.95,0.02,,-0.5676,-0.5,-0.113,-0.352,-1.0332291,-0.33373123
1986,2,-1.58,-0.59,-1.97,0.83,0.41,-0.07,0.94,-0.25,1.52,,-2.9041,-0.32,-0.135,-0.284,0.06663036,-2.3692038
1986,3,1.39,0.33,-1.16,0.07,0.51,1.35,1.15,,1.55,,1.9308,-0.3,-0.2,-0.301,-0.8495238,-0.09380013
1986,4,-0.79,0.1,0.04,-1.56,-0.15,-1.62,0.39,,0.87,,0.103,-0.29,-0.286,-0.333,-2.0233612,-0.7397813
1986,5,0.84,1.4,0.28,-1.17,-0.03,0.72,0.14,,-0.86,,0.3669,-0.22,-0.154,-0.237,-0.13878983,0.3274274
1986,6,1.54,0.86,-0.08,0.23,0.39,-0.19,1.4,,1.57,,0.5346,-0.06,-0.279,-0.27,0.5917798,0.5326183
1986,7,0.15,-0.71,-0.04,-0.35,-0.35,0.87,-1.95,,-0.31,,-0.0083,0.13,-0.546,-0.258,0.27144915,1.0476065
1986,8,-1.53,-0.33,-0.65,2.55,-1.49,0.8,0.55,,-0.66,1.61,-0.8263,0.33,-0.401,-0.281,-0.50001454,0.49996042
1986,9,-0.95,-1.34,0.69,0.87,-0.28,1.96,-2.04,,1.0,-2.42,-0.0234,0.51,-0.142,-0.229,0.813081,0.59755826
1986,10,2.2,0.91,-0.27,1.35,1.18,1.19,-1.69,,0.73,,1.4246,0.52,-0.048,-0.327,0.46925607,0.17664644
1986,11,2.27,0.72,-0.56,1.54,-0.71,-0.05,0.15,,-0.3,,0.9257,1.01,-0.243,-0.406,-0.334252,0.6519379
1986,12,0.83,1.13,-0.17,,1.06,1.42,0.49,0.08,-0.06,,0.0598,0.94,-0.274,-0.38,0.8272907,0.990414
1987,1,-1.85,0.06,1.57,-0.74,0.63,0.82,0.18,0.0,0.17,,-1.1476,0.84,-0.081,-0.287,1.5603153,-1.679782
1987,2,-1.27,0.78,0.37,-0.49,0.57,-0.03,-0.52,-0.51,0.2,,-1.4732,0.9,0.041,-0.227,0.050442636,-1.0827961
1987,3,-0.26,-1.53,0.22,0.73,0.85,0.48,1.03,,0.21,,-1.7465,0.87,-0.138,-0.042,-0.8514775,0.22495303
1987,4,2.03,0.76,0.48,-0.68,1.54,1.85,0.66,,-1.11,,0.387,0.59,-0.157,0.02,1.15819,-0.3436996
1987,5,0.96,-0.9,1.77,-0.26,-1.02,-0.18,-1.4,,-0.45,,0.3252,0.63,0.165,0.059,-0.6729659,-0.079982504
1987,6,-1.53,0.95,1.73,-1.09,0.56,-0.96,0.32,,0.89,,-0.7103,0.84,0.109,0.194,-1.7059467,0.49592078
1987,7,0.55,-2.42,0.6,0.94,-0.43,-0.71,-0.97,,0.59,,-0.4663,0.98,0.206,0.27,-0.08529127,0.7012117
1987,8,-1.19,-1.26,-0.49,0.97,0.74,-0.98,-1.65,,-0.09,-1.65,-0.8357,1.05,0.297,0.27,-0.10179055,0.4814688
1987,9,-1.04,1.53,1.44,0.49,-2.6,1.7,-1.01,,-1.26,0.6,0.2865,1.18,0.392,0.185,0.65397304,0.62926185
1987,10,0.66,1.01,0.93,1.2,0.75,-2.46,1.4,,0.78,,-0.08,1.15,0.254,0.037,-1.119993,-0.7194021
1987,11,0.06,-0.54,0.15,-0.67,1.19,0.17,0.36,,0.16,,-0.5358,1.08,-0.051,-0.079,0.7211032,-0.8461652
1987,12,0.21,0.95,1.75,,0.5,1.22,-1.38,-1.0,-1.26,,-0.5339,0.89,0.152,0.034,1.5375412,-0.3848657
1988,1,0.68,0.99,1.83,1.13,0.03,-1.09,0.72,0.78,0.66,,0.2647,0.74,0.353,-0.051,-0.8789271,-0.81597096
1988,2,0.42,-0.83,0.3,-0.13,1.37,-1.44,0.6,1.3,-1.07,,-1.0662,0.15,-0.154,-0.126,-1.4743892,0.32391995
1988,3,-0.58,0.4,0.53,0.26,0.38,-2.23,0.49,,0.89,,-0.1971,0.1,-0.313,-0.021,-1.512042,0.15733904
1988,4,-1.42,0.19,-0.2,-0.63,1.12,0.39,-0.96,,0.81,,-0.5607,-0.45,-0.128,0.04,-0.098227374,-0.64914906
1988,5,0.64,-0.01,-0.15,-1.16,0.61,-1.03,0.85,,-2.31,,-0.8461,-1.09,-0.513,0.126,-0.1406548,-0.9549039
1988,6,1.19,-1.71,-0.25,-0.93,1.31,-1.14,1.93,,-0.6,,0.0605,-1.35,-0.272,0.154,-0.1839701,-0.063126445
1988,7,-0.32,1.25,-1.47,0.1,1.6,-0.73,0.81,,-0.49,,-0.1434,-1.28,-0.15,0.098,-1.2965522,1.6197356
1988,8,-0.07,0.77,0.78,0.44,-0.62,0.54,-0.19,,-1.18,0.03,0.2546,-1.1,-0.289,-0.02,-0.68992096,0.8393567
1988,9,-0.82,0.42,-0.83,-0.19,-0.97,0.39,-1.08,,1.33,0.43,1.0393,-1.02,-0.394,-0.107,0.024338901,0.96671224
1988,10,-0.66,-0.66,-0.56,0.99,0.89,0.19,0.1,,1.84,,0.0324,-1.72,-0.525,-0.183,0.093178004,-0.3703586
1988,11,-0.49,-1.36,-0.96,-1.31,0.11,1.19,-1.75,,-0.49,,-0.0347,-1.89,-0.184,-0.16,1.5827782,-0.8506715
1988,12,0.48,-1.18,-0.67,,0.33,0.75,-1.98,0.65,0.8,,1.6788,-1.75,0.156,-0.177,1.6344298,1.3863456
1989,1,0.85,0.7,1.26,-1.81,-1.57,1.14,-0.31,0.39,0.8,,3.106,-1.81,-0.281,-0.234,2.7146683,1.5363061
1989,2,1.82,0.22,0.53,2.34,-1.71,-0.23,-1.14,1.4,1.43,,3.2793,-1.36,-0.045,-0.169,0.37839544,0.28184187
1989,3,1.54,-0.62,-1.98,0.6,-1.56,-0.28,-0.62,,0.15,,1.5303,-1.11,-0.319,-0.266,-1.1031755,0.05491361
1989,4,0.16,1.12,-0.28,1.29,-0.77,-1.11,1.96,,0.22,,-0.2502,-1.04,-0.48,-0.302,-0.7686385,-1.3102114
1989,5,1.33,-0.26,0.36,0.45,-0.04,-0.04,-1.85,,-0.19,,0.8888,-0.72,-0.594,-0.16,0.46111274,-0.28879523
1989,6,0.03,-0.87,-0.62,0.09,-0.56,-1.2,0.78,,1.32,,0.345,-0.57,-0.78,0.078,-0.94779813,0.23017576
1989,7,1.0,0.02,0.89,-1.23,-0.59,-2.04,0.2,,1.1,,0.8656,-0.52,-0.447,0.164,-0.02716875,1.2726223
1989,8,-0.11,-0.57,2.52,1.32,-0.27,0.05,0.21,,0.31,0.14,0.5509,-0.73,-0.321,0.1,0.022463739,0.52538085
1989,9,2.15,-0.57,0.44,0.66,0.41,-1.12,0.59,,0.78,-1.03,0.7031,-0.38,-0.224,-0.108,0.71378654,0.020594
1989,10,0.48,-0.35,1.5,-0.0,-1.08,0.99,-0.65,,0.78,,0.9907,-0.35,-0.412,-0.136,0.78365177,0.34143823
1989,11,0.03,-1.88,-0.47,-0.04,-0.7,0.55,0.89,,1.89,,0.0338,-0.45,-0.338,-0.163,0.29181984,-1.4129512
1989,12,-1.15,1.42,-1.98,,0.57,0.07,-1.58,0.54,-0.47,,-0.6437,0.07,-0.167,-0.166,0.82155794,-1.7437478
1990,1,0.7,0.19,1.37,-0.58,-1.09,0.18,0.16,0.81,-2.16,,1.0007,-0.01,-0.099,-0.312,0.8050725,0.5590265
1990,2,1.16,1.55,0.24,-1.86,-2.78,-0.14,-1.68,0.44,-0.67,,3.4016,0.35,-0.289,-0.175,-1.0393511,1.2335817
1990,3,1.13,1.31,-0.13,0.03,0.04,-0.03,-1.97,,0.81,,2.99,0.12,-0.143,-0.192,1.6854682,1.2635851
1990,4,2.03,-0.67,-0.84,1.72,-0.62,-1.11,-0.72,,0.98,,1.8788,0.27,-0.385,-0.131,-0.538537,-0.4477553
1990,5,-1.37,-1.27,0.17,0.21,0.27,2.25,0.74,,2.23,,0.9428,0.15,-0.349,-0.072,0.71638334,0.12959754
1990,6,0.29,0.57,0.77,0.71,-1.39,-0.54,0.03,,-1.36,,0.3043,0.02,-0.568,-0.07,-0.59426284,0.13024417
1990,7,0.56,0.02,0.42,0.88,-0.26,0.54,-0.79,,-1.39,,-0.2958,0.27,-0.246,-0.035,0.36142206,1.4951043
1990,8,1.12,-0.24,0.59,-0.39,1.76,0.45,-0.15,,-0.19,-0.13,-0.1802,0.22,-0.391,0.039,0.48925662,1.2678385
1990,9,1.18,-1.44,0.68,0.78,-0.46,0.33,-0.21,,-2.21,0.37,-0.2104,0.22,-0.183,0.133,0.25734633,0.36070377
1990,10,0.76,0.18,0.11,-0.43,-0.91,0.66,1.22,,1.47,,0.6603,0.31,-0.345,0.099,0.6708688,-1.0140188
1990,11,-0.39,-0.15,0.59,-0.76,-1.66,1.24,-0.08,,0.48,,0.5206,0.22,-0.095,-0.067,0.695752,-0.88092244
1990,12,0.11,-0.78,0.61,,-1.62,-0.63,-0.15,1.26,0.87,,1.2767,0.37,0.003,-0.05,-0.027581215,-0.5543413
1991,1,0.49,0.92,-1.3,-0.45,0.2,0.93,-0.0,1.58,-0.64,,0.7232,0.58,0.065,-0.209,1.49137,0.78247106
1991,2,0.74,0.15,-0.78,0.31,1.13,-0.67,1.72,-0.05,0.58,,-0.876,0.41,-0.097,-0.131,-0.08920342,-0.85791886
1991,3,-0.61,0.7,1.83,-0.38,-1.21,0.3,0.92,,-0.23,,-0.5268,0.24,-0.037,-0.083,0.7607242,-1.5657966
1991,4,0.17,-0.86,0.7,-0.14,0.38,-1.28,-0.86,,2.01,,0.5302,0.45,0.288,-0.147,-1.4749842,0.09771085
1991,5,0.12,-2.66,0.56,-1.13,-0.63,-0.81,-1.53,,0.23,,0.4865,0.45,0.379,-0.168,-0.09209275,-0.079687834
1991,6,-0.52,-1.45,0.63,1.02,-0.92,-1.17,-0.71,,-0.89,,-0.1154,0.59,0.263,-0.144,-1.8723013,0.80713093
1991,7,-0.46,-0.86,-1.73,-0.58,0.28,1.35,-0.51,,0.32,,-0.188,0.7,0.269,-0.122,0.49053395,0.89637077
1991,8,1.46,0.05,-1.15,-0.81,-0.28,0.43,-0.28,,0.82,0.47,0.7969,0.73,0.058,-0.123,1.040694,1.0763617
1991,9,0.61,0.48,-0.58,1.2,1.15,0.48,-1.37,,-0.28,0.37,-0.1122,0.42,0.099,-0.052,0.69502294,-0.09146114
1991,10,0.3,-1.63,-0.32,1.24,-2.35,-0.86,0.18,,0.95,,-0.2519,0.89,-0.031,-0.277,-0.56093717,-0.5410315
1991,11,0.37,0.49,-0.94,1.01,0.22,-0.69,0.02,,1.67,,0.2847,1.06,0.04,-0.276,-1.0161057,-0.29104453
1991,12,0.34,-1.3,0.29,,0.17,1.99,0.01,-0.03,1.74,,1.6132,1.27,0.084,-0.229,2.200243,1.8582032
1992,1,-0.66,-0.54,0.35,-0.17,0.99,2.49,-0.02,-0.73,1.11,,0.55,1.34,-0.321,-0.205,3.1182418,0.5122812
1992,2,0.77,-0.19,-0.81,0.7,0.09,0.92,-0.03,-0.7,0.45,,1.1217,1.32,-0.388,-0.109,1.2609447,1.2939798
1992,3,0.51,-0.08,1.12,1.28,0.46,-0.7,0.41,,0.83,,0.9842,1.19,-0.671,-0.108,-0.50886095,-0.30076945
1992,4,1.88,0.04,-0.62,1.46,-0.29,0.77,0.32,,-1.62,,-0.5205,1.17,-0.553,-0.199,-0.5609698,-0.7687505
1992,5,2.49,0.53,-0.21,1.02,1.2,1.53,-0.67,,1.81,,1.3414,0.97,-0.549,-0.237,0.57622755,0.2342889
1992,6,0.51,-0.31,-0.17,-0.14,1.36,1.55,2.34,,1.64,,-0.302,0.57,-0.861,-0.166,0.85719866,0.047021985
1992,7,0.19,-1.23,1.17,1.83,0.38,1.15,-1.03,,1.9,,0.1911,0.37,-0.479,-0.235,0.20626569,1.2124455
1992,8,0.97,1.74,1.19,0.43,-0.37,0.99,-1.24,,0.79,0.29,0.5353,0.09,-0.768,-0.396,-0.3296208,1.0729928
1992,9,-0.28,-0.22,-1.02,-0.87,-1.13,-1.4,1.59,,-1.4,-1.07,-0.6403,-0.03,-0.833,-0.385,-0.61129826,0.7855741
1992,10,-1.4,-2.36,0.81,0.59,0.4,1.53,-0.08,,1.14,,-0.3659,-0.17,-0.627,-0.316,-0.32646042,-1.7627362
1992,11,1.12,1.0,1.26,0.3,0.8,0.13,-0.73,,-0.75,,0.717,-0.06,-0.4,-0.35,-0.48164454,0.92199004
1992,12,0.35,-0.05,0.08,,-1.53,0.36,-0.18,0.35,0.96,,1.6267,-0.0,-0.316,-0.3,0.47943252,-0.81157464
1993,1,1.35,0.63,-0.22,-0.65,-1.48,0.64,-1.29,-0.59,1.12,,3.4953,0.35,-0.196,-0.256,0.9708714,1.6292903
1993,2,0.12,-1.82,0.24,2.12,0.44,1.83,0.06,-0.25,1.27,,0.1845,0.43,0.035,-0.202,2.5601463,0.42833412
1993,3,0.3,-0.03,-0.48,0.21,0.94,0.43,-0.1,,2.1,,0.7643,0.36,-0.295,-0.26,1.3127545,-0.14221436
1993,4,0.91,-1.08,-1.67,0.71,1.26,0.39,0.59,,-0.11,,-0.4354,0.63,-0.181,-0.189,-0.19031498,-0.7108696
1993,5,-0.67,-0.68,0.96,0.37,2.43,-0.87,1.49,,-0.05,,-1.6075,0.86,-0.027,-0.18,-0.05908525,-0.6121402
1993,6,-0.29,-0.44,0.04,1.59,0.66,0.87,-0.48,,-1.77,,-0.5195,0.39,-0.108,-0.197,0.33981377,0.5164236
1993,7,-3.14,-1.41,-0.31,0.73,-0.28,-0.21,-0.18,,-0.28,,-0.5107,0.2,-0.152,-0.293,-0.8254035,1.2670857
1993,8,0.03,-0.81,0.52,0.66,-0.17,-0.33,-0.63,,-2.02,-0.41,-0.393,0.26,-0.306,-0.245,-0.081787705,1.0413145
1993,9,-0.41,-0.46,-0.44,2.48,-0.97,2.23,1.18,,-0.69,-1.17,-0.3606,0.33,-0.17,-0.181,0.66012836,-0.36934543
1993,10,-0.26,-1.13,1.14,2.44,-0.17,0.99,0.76,,0.54,,-0.565,0.22,-0.156,-0.259,0.36965513,-1.0090269
1993,11,2.56,-0.77,0.83,0.31,-0.35,0.58,1.9,,0.87,,1.0018,0.29,-0.149,-0.335,0.74966943,-0.8494032
1993,12,1.36,0.43,0.89,,0.42,-0.95,-0.04,-0.16,-0.04,,-0.1041,0.34,-0.206,-0.31,-1.3396268,0.2937008
1994,1,0.7,0.0,0.47,2.38,-0.8,-1.21,-0.24,0.78,-0.55,,-0.2879,0.22,0.025,-0.313,-0.62273276,0.49096042
1994,2,0.08,0.83,-1.16,0.47,-1.27,1.14,1.25,0.53,-0.63,,-0.8615,-0.09,-0.146,-0.326,1.3185457,-1.392703
1994,3,0.92,0.7,-0.22,-1.06,0.23,-1.77,-0.72,,0.33,,1.881,0.13,0.202,-0.296,-0.31424928,0.81315225
1994,4,1.1,0.05,-0.14,0.98,-0.7,-0.82,0.4,,-0.82,,0.2247,0.21,0.351,-0.217,-1.1168861,-0.04121062
1994,5,-0.48,0.79,1.08,-0.76,0.48,0.82,0.52,,0.96,,-0.1154,0.25,0.544,-0.224,-0.33880842,-0.5006393
1994,6,1.84,0.74,0.48,-0.14,-1.36,-0.15,-1.54,,-0.64,,1.6063,0.32,0.433,-0.239,-0.0069895983,1.2640492
1994,7,1.34,0.97,1.11,0.9,-0.06,1.69,0.6,,0.41,,0.3507,0.38,0.557,-0.248,1.449316,1.041874
1994,8,0.36,0.75,2.59,0.83,-1.38,0.79,0.5,,1.15,-0.5,0.8275,0.51,0.811,-0.252,-0.036135077,0.5848569
1994,9,-1.14,-0.79,-0.93,0.24,-2.02,-0.82,-0.02,,0.09,0.38,-0.0841,0.38,0.529,-0.169,-0.692809,-0.08764088
1994,10,-0.54,-0.9,0.46,-0.4,-0.09,-0.25,-1.33,,1.01,,0.174,0.78,0.707,-0.076,-0.5999477,-0.45370504
1994,11,0.54,0.76,0.77,-2.04,-1.61,2.17,-0.53,,0.19,,1.7794,0.97,0.287,-0.037,1.6335248,0.75374013
1994,12,1.78,0.97,0.27,,0.39,1.35,1.35,-1.1,1.43,,0.8938,1.08,0.263,-0.108,0.43868202,0.24915886
1995,1,0.57,0.09,-0.18,1.03,0.2,-1.11,-0.09,-1.77,0.44,,-0.1538,0.84,0.139,-0.08,-1.1771235,0.18792081
1995,2,0.85,1.03,-2.05,0.05,0.68,-0.6,-2.08,0.83,-0.27,,1.4289,0.8,0.164,-0.057,-0.7763825,0.29348624
1995,3,0.91,-2.46,-1.04,0.61,0.03,0.56,-0.32,,-0.06,,0.3932,0.52,-0.05,-0.001,-1.4979353,-0.46690285
1995,4,-1.07,-1.71,0.72,1.13,0.04,-1.18,-0.98,,-1.54,,-0.9631,0.32,-0.221,0.058,-0.8309753,-0.13579407
1995,5,-1.33,0.06,0.91,0.72,0.09,-0.82,-0.35,,0.16,,-0.8912,0.12,-0.251,0.254,-0.8680808,-0.14248985
1995,6,0.44,-1.84,-1.32,0.02,0.9,0.15,1.69,,0.74,,-0.1118,0.02,-0.078,0.346,-0.040756226,-0.068042755
1995,7,-0.19,-0.8,0.83,1.11,-0.74,0.99,-0.36,,1.26,,-0.2171,-0.03,-0.169,0.296,0.34346175,0.9375951
1995,8,0.76,-2.09,-0.74,-0.92,-0.33,0.83,0.06,,-0.19,-1.45,0.5436,-0.49,-0.144,0.165,1.24805,0.5007978
1995,9,0.45,-0.37,0.05,1.9,1.22,-1.2,0.22,,0.21,1.2,-0.549,-0.63,-0.18,0.036,-0.61604345,-0.12506351
1995,10,0.72,0.53,-0.42,-0.32,0.11,0.54,0.69,,-0.01,,0.075,-0.75,-0.367,0.084,1.0738914,0.5901852
1995,11,-1.59,-1.35,-1.76,1.07,-0.73,0.52,-0.25,,0.72,,-0.7233,-0.88,-0.295,0.109,0.46334875,-1.0803156
1995,12,-1.64,0.57,-1.72,,0.62,0.69,-0.89,-0.63,0.95,,-2.1271,-0.77,0.09,0.024,1.2387531,-2.3504083
1996,1,-0.65,-0.53,-0.92,0.26,-0.68,-0.47,2.86,0.46,0.63,,-1.2004,-0.68,-0.021,-0.028,0.3061806,-2.467185
1996,2,-0.52,-1.12,0.07,0.27,-0.7,-1.29,-0.22,-0.15,2.06,,0.1632,-0.65,-0.033,-0.05,-0.5459409,-0.9951334
1996,3,-0.66,-0.65,-0.3,2.41,-0.75,-1.23,2.15,,1.21,,-1.4832,-0.5,-0.085,-0.075,-0.112344995,-1.0710039
1996,4,-0.33,-0.69,-2.12,0.07,0.51,0.72,1.24,,-1.53,,-1.5251,-0.31,-0.369,-0.008,0.45002872,-0.7025113
1996,5,-0.93,-0.38,-1.46,1.15,0.37,0.01,0.36,,1.31,,-0.2264,-0.25,-0.266,-0.083,-1.1674304,-0.21456662
1996,6,0.87,-0.53,-0.09,-0.96,-1.18,-0.5,-0.33,,-0.65,,0.4967,-0.26,-0.395,-0.141,-0.041573286,1.1975589
1996,7,0.7,0.39,1.66,-0.17,0.18,-0.67,-1.59,,1.22,,0.7146,-0.31,-0.644,-0.123,-0.28386593,1.3194189
1996,8,1.19,-0.08,-1.18,0.92,-0.93,0.88,2.93,,0.16,1.2,0.1247,-0.2,-0.681,-0.026,0.085279465,0.48991883
1996,9,-0.69,-0.95,-1.41,-0.02,-0.27,1.47,1.03,,-0.93,-0.04,-1.14,-0.33,-0.712,-0.02,1.0202589,-0.5148019
1996,10,0.15,0.49,-0.78,-0.54,-0.67,0.14,0.4,,-0.26,,0.1825,-0.27,-1.109,-0.163,0.24328011,-0.027226865
1996,11,-0.72,1.38,0.26,1.61,-0.44,-2.39,0.01,,0.47,,0.1364,-0.19,-0.797,-0.192,-2.0723026,-0.46517453
1996,12,-1.4,-1.52,0.6,,-1.53,-0.82,-0.19,-0.35,-0.99,,-1.7208,-0.39,-0.413,-0.173,0.4785108,-2.8337655
1997,1,-1.08,-0.13,-2.31,0.22,0.16,1.68,0.07,-0.72,2.06,,-0.4568,-0.25,-0.11,-0.109,2.895332,-1.2640519
1997,2,1.48,1.06,-0.24,-0.03,0.45,0.61,-0.87,0.49,-0.18,,1.8887,-0.08,0.079,-0.054,0.3842777,1.1376805
1997,3,1.13,0.27,-0.16,-0.06,-1.56,-0.55,-1.33,,-1.52,,1.0908,0.05,0.043,-0.013,1.4280258,1.5166364
1997,4,-1.25,-1.91,-1.04,1.7,0.29,1.52,-2.44,,0.91,,0.3236,0.44,0.054,-0.011,0.43594092,-0.41314918
1997,5,-0.21,0.61,1.21,2.43,0.77,0.73,-0.66,,-0.54,,-0.9611,0.72,0.026,0.021,-0.13507947,-0.6911059
1997,6,-1.17,-0.75,-0.67,-0.56,-0.25,1.26,1.64,,0.76,,-0.815,0.91,0.081,-0.01,-1.0717511,-0.4221462
1997,7,0.37,-0.41,0.4,-1.32,0.1,1.14,2.61,,-0.8,,-0.4306,1.21,0.447,0.042,0.32338822,0.9909476
1997,8,0.94,0.18,-0.34,-0.08,-0.55,-0.57,1.18,,0.97,-0.71,0.1206,1.4,0.633,-0.003,0.9205769,0.33241695
1997,9,0.74,-0.81,0.38,0.36,0.22,0.31,-1.42,,-0.29,1.08,0.1945,1.63,0.771,0.091,0.8528584,0.24263608
1997,10,-1.34,-1.5,-2.15,0.1,-0.12,1.3,-2.17,,0.29,,-0.6997,1.69,0.874,0.132,0.19151986,-0.62699807
1997,11,-1.08,0.92,1.84,0.65,0.86,1.52,1.42,,1.18,,-0.6611,1.85,1.279,0.033,-0.476901,-1.8304641
1997,12,-0.98,1.74,0.91,,0.85,0.26,0.61,-0.6,1.62,,-0.0711,1.78,0.863,0.113,0.6072858,-1.4113139
1998,1,-0.05,0.14,0.06,0.62,0.3,0.55,0.59,-1.55,-1.75,,-2.0806,1.81,0.525,0.112,0.11584556,-0.379883
1998,2,-0.57,1.33,0.67,-0.33,0.89,2.72,-0.56,-2.74,0.62,,-0.1832,1.53,0.422,0.273,2.663575,1.0115288
1998,3,0.51,0.49,1.04,1.31,0.69,-1.11,-0.05,,0.05,,-0.2544,1.06,-0.055,0.303,0.18682165,1.0310256
1998,4,-0.88,2.39,2.32,-0.49,0.85,0.55,0.54,,-0.07,,-0.0379,0.55,0.047,0.273,-0.76347256,-1.2522813
1998,5,-1.17,-1.25,1.88,-1.36,-1.87,-0.6,0.25,,1.49,,0.4286,0.59,0.14,0.365,0.23170227,-0.6375983
1998,6,-2.44,-0.03,-0.34,0.23,0.09,-1.56,-1.02,,-0.24,,-0.7107,-0.44,0.147,0.471,-1.251704,0.4354151
1998,7,-0.45,1.04,-0.4,0.12,1.67,-1.25,-1.63,,-1.15,,-0.2117,-0.53,-0.385,0.469,-1.1051238,1.0616646
1998,8,-0.15,1.31,-0.02,-1.67,-0.6,0.12,-2.19,,-2.0,1.07,0.6503,-0.74,-0.58,0.494,0.06613541,1.2453077
1998,9,-1.8,0.17,1.81,-0.52,0.42,0.54,1.41,,-0.14,0.42,-1.0499,-0.97,-0.496,0.394,0.0878275,-0.40200537
1998,10,0.2,0.71,1.32,-1.27,0.77,-0.53,-0.49,,-1.18,,0.2943,-1.16,-0.743,0.363,-0.66247576,0.38527924
1998,11,-0.43,0.11,0.34,-0.52,0.7,-0.22,-0.37,,-3.44,,-1.4494,-1.08,-0.653,0.298,0.4598065,-0.15653163
1998,12,0.72,0.67,0.6,,-0.39,-0.67,-0.95,1.05,-0.49,,1.3534,-1.45,-0.336,0.261,0.40232575,0.11027789
1999,1,0.39,-0.27,0.08,-0.89,-0.44,-0.89,-0.01,0.47,-0.47,,0.1103,-1.68,-0.13,0.032,-0.36488903,-0.25893152
1999,2,-0.11,-1.64,1.51,-1.12,-0.46,-0.57,-1.71,-1.42,0.11,,0.4821,-1.28,-0.038,0.039,-0.13196707,0.13945019
1999,3,-0.16,-2.01,1.19,-0.73,0.38,1.39,1.68,,-1.35,,-1.4916,-0.9,0.102,0.05,0.11147332,-1.0024858
1999,4,-1.18,1.01,1.3,-0.57,0.05,0.42,-0.25,,0.29,,0.2844,-0.71,-0.001,0.033,-0.31349254,-0.5657452
1999,5,0.9,0.41,-0.3,-0.69,-0.05,1.66,-1.28,,-1.6,,0.2259,-0.78,-0.186,0.144,0.64354074,-0.36160114
1999,6,1.44,0.13,0.32,-1.44,0.43,-0.74,0.49,,0.8,,0.707,-0.76,-0.146,0.161,-0.37488484,0.8354037
1999,7,-0.87,0.48,0.26,0.34,-0.92,0.8,-0.01,,1.76,,-0.002,-0.89,0.111,0.179,0.20940042,0.86874187
1999,8,0.38,-0.27,1.12,0.32,1.95,1.17,-0.39,,0.29,1.43,-0.6721,-1.02,0.023,0.288,-0.30750608,0.17322636
1999,9,0.5,1.07,0.6,-0.44,0.33,-0.5,1.24,,-0.03,0.04,0.0591,-0.87,-0.049,0.166,0.43925577,-0.28449905
1999,10,0.73,-0.16,-0.45,-0.24,0.62,-0.61,0.81,,-0.08,,-0.0058,-0.95,-0.189,-0.002,-0.17658806,-0.28745073
1999,11,0.55,-1.02,1.91,-1.33,0.45,-0.43,-0.39,,-1.06,,0.6109,-1.33,-0.116,-0.067,1.4554808,-0.47526193
1999,12,1.4,0.46,-1.12,,-0.09,-0.93,-0.34,-0.16,0.41,,1.0431,-1.43,-0.148,-0.004,-1.4034474,-0.08261871
2000,1,0.19,-1.97,-0.21,-0.92,-1.7,0.65,-1.02,-0.11,-0.18,,1.2702,-1.41,-0.125,-0.102,1.4126058,0.9526253
2000,2,1.48,0.41,-0.41,-0.55,1.2,0.1,-1.16,-0.16,-1.55,,1.0758,-1.26,-0.009,-0.057,0.40299308,1.3571762
2000,3,0.4,-0.68,0.01,-0.4,0.95,-1.13,-0.92,,-1.52,,-0.4514,-1.07,0.141,0.085,0.7364383,-0.27534282
2000,4,-0.18,0.33,-1.3,0.08,-0.58,-0.95,0.34,,-0.29,,-0.2785,-0.81,0.141,0.023,-1.3885908,-1.403996
2000,5,1.52,0.2,-1.46,-0.62,-0.16,0.96,0.27,,-0.24,,0.9691,-0.84,0.113,0.086,0.8135808,-0.18575445
2000,6,0.28,1.41,0.57,-0.24,-1.19,-0.34,-1.14,,1.6,,0.5861,-0.55,-0.022,-0.037,-0.14227194,1.4394262
2000,7,-1.0,-0.27,1.07,-1.26,-2.55,-1.64,1.46,,-0.25,,-0.6494,-0.54,0.077,0.053,-0.7509222,0.9651252
2000,8,-0.5,-0.21,-0.86,0.63,-0.51,1.17,-0.11,,-0.22,-0.5,0.1439,-0.35,0.131,0.084,0.18002117,1.1659086
2000,9,-0.06,-0.14,0.52,0.49,-1.21,1.19,1.42,,0.25,-0.81,0.3949,-0.33,-0.096,0.083,0.40729836,0.049498796
2000,10,1.51,1.22,1.14,-0.72,0.44,-1.45,1.07,,-0.64,,0.3168,-0.56,-0.142,-0.059,-0.7066125,-0.56843567
2000,11,-1.1,0.64,-0.23,0.2,0.7,-0.9,1.91,,0.42,,-1.5815,-0.61,-0.306,-0.072,-2.2387552,-1.1015475
2000,12,-0.63,1.63,-0.68,,0.92,-0.77,0.94,0.27,-1.17,,-2.3544,-0.89,-0.248,-0.146,-0.25181007,-1.1378942
2001,1,-0.22,1.53,0.42,-0.9,1.29,-0.85,1.45,-0.41,-0.55,,-0.9588,-0.74,-0.431,-0.146,-0.14845979,-1.4778544
2001,2,0.07,-0.39,1.57,0.26,-0.51,0.12,-0.07,0.95,-1.28,,-0.6224,-0.7,-0.016,-0.046,0.77950466,0.028109193
2001,3,-1.73,1.23,-1.05,-1.16,0.39,-0.35,-0.53,,-0.55,,-1.6865,-0.39,-0.01,-0.005,-0.9031634,-0.98902035
2001,4,-0.15,0.65,1.1,0.06,-0.7,-0.59,-0.52,,1.21,,0.906,-0.26,0.136,-0.031,-1.62661,0.14754763
2001,5,0.03,0.33,-1.16,-1.42,-0.01,1.48,-0.73,,-0.12,,0.452,-0.14,0.137,-0.028,0.28414035,0.09219733
2001,6,0.11,-0.14,0.41,0.55,-0.89,0.48,-0.58,,-1.44,,-0.0153,0.0,0.127,0.179,0.11387858,0.90580803
2001,7,-0.22,0.67,-0.32,-1.3,-0.36,-0.62,0.57,,0.49,,-0.031,0.13,-0.14,0.116,-0.22463393,1.1203036
2001,8,-0.22,1.83,-0.27,-1.17,-0.14,0.53,-0.55,,-0.36,0.72,0.5205,0.07,-0.301,0.158,0.4745612,0.90333486
2001,9,-0.49,-0.98,2.28,-0.46,0.04,-1.08,0.45,,-0.69,1.28,-0.7066,-0.04,-0.223,0.267,-0.2515027,-0.04748407
2001,10,0.25,1.16,-0.58,-0.04,-0.08,0.54,1.32,,0.73,,0.7075,0.13,-0.451,0.232,0.97304386,0.3560467
2001,11,0.53,-0.62,0.79,-0.33,1.03,-0.67,-2.06,,0.31,,0.8186,-0.11,-0.245,0.137,1.0548605,-0.49380708
2001,12,-0.86,-0.89,-0.35,,0.26,0.46,0.68,-1.34,0.6,,-1.3224,-0.27,-0.051,0.194,0.31483856,0.15739715
2002,1,0.0,1.68,-0.04,-0.11,-0.7,0.7,-0.7,0.58,0.15,,1.3813,0.01,-0.142,0.162,1.4463311,1.1260262
2002,2,0.8,1.43,0.87,-0.89,-0.11,-0.56,-1.61,-0.09,0.37,,1.3035,0.15,-0.098,0.146,-0.59702325,0.62849605
2002,3,0.32,0.63,0.73,1.99,-1.56,0.39,-0.39,,-1.07,,0.902,0.22,0.008,0.125,0.8861188,0.014261536
2002,4,1.14,-0.19,0.21,0.45,-2.4,-0.38,0.94,,0.95,,0.7484,0.28,-0.352,0.008,-0.0220685,-0.8261708
2002,5,-0.15,0.15,-0.79,1.52,-0.56,0.52,1.3,,0.21,,0.4014,0.4,-0.329,-0.068,0.31128165,-0.25304174
2002,6,0.69,1.65,-0.72,-0.2,0.06,0.18,-0.43,,-0.29,,0.5727,0.65,-0.189,-0.136,0.031799853,0.7364114
2002,7,0.65,0.67,-1.06,-0.69,0.4,-0.65,0.2,,0.37,,0.3276,0.66,-0.261,-0.085,-0.7042657,0.9194464
2002,8,0.36,-0.39,-1.64,-0.07,0.61,0.09,1.22,,-0.06,-1.02,-0.2285,0.67,-0.208,0.087,0.9745631,0.57441723
2002,9,-0.54,-1.87,0.79,-0.4,0.6,0.46,0.88,,1.73,-0.56,-0.0427,0.81,0.286,0.06,0.70829564,-0.10800545
2002,10,-1.97,0.7,-2.12,1.77,-0.55,0.78,0.06,,-0.84,,-1.4885,0.93,0.405,0.092,-0.3160355,0.020723097
2002,11,-0.32,0.67,-1.51,2.05,1.46,0.45,0.8,,-0.04,,-1.4251,1.2,0.096,0.0,-0.36625248,-1.3767409
2002,12,-0.96,0.62,0.54,,1.28,1.6,0.96,-0.58,-0.3,,-1.5921,1.25,-0.158,-0.015,1.4437023,-0.7240509
2003,1,-0.32,1.11,-0.14,2.07,1.01,-0.39,-0.51,-0.22,1.24,,-0.4717,0.58,-0.239,0.031,0.2722472,-0.4311329
2003,2,0.26,-0.09,0.17,0.94,0.68,0.87,1.55,1.75,1.09,,0.1278,0.68,0.017,-0.032,1.2509491,-0.15774083
2003,3,-0.07,0.96,-1.01,0.56,-0.36,1.24,-0.36,,1.01,,0.933,0.54,-0.039,0.093,1.2143724,0.9481548
2003,4,-0.34,-0.54,1.58,0.34,-0.1,0.31,0.9,,0.8,,-0.1781,0.22,-0.099,0.06,0.087934405,-0.5307325
2003,5,0.06,1.73,0.03,-0.57,-1.85,-0.85,-0.67,,0.04,,1.0167,-0.26,-0.164,0.132,-0.8375433,0.9571404
2003,6,0.24,1.31,0.76,0.17,-0.53,1.79,-0.77,,-0.4,,-0.1021,0.12,0.139,0.186,0.62335503,0.61735684
2003,7,0.16,1.26,-1.94,-0.14,0.73,-0.23,1.01,,-0.77,,0.0753,0.26,0.131,0.257,-0.10365772,1.2889562
2003,8,-0.22,-0.16,-0.9,-1.46,-0.31,-1.58,-1.31,,-1.22,0.62,-0.2804,0.3,0.108,0.396,0.13506198,1.0152736
2003,9,0.16,0.75,-2.17,-0.7,0.59,-1.04,-0.13,,1.43,0.36,0.4666,0.21,-0.06,0.432,0.17885923,0.74378145
2003,10,-0.86,-1.89,-0.42,0.85,1.23,-0.58,-0.62,,-0.89,,-0.6698,0.49,-0.243,0.407,-0.5662598,-1.2017957
2003,11,0.77,0.98,0.69,-0.11,-1.65,0.32,1.51,,-0.69,,0.6424,0.44,-0.159,0.204,0.055883914,-1.0239179
2003,12,0.5,-0.49,0.8,,0.56,0.31,-0.94,-1.03,0.67,,0.2652,0.43,0.189,0.205,0.4479298,-0.29194736
2004,1,-0.85,-0.45,-1.58,0.66,-0.12,-0.35,-0.25,0.18,-0.23,,-1.6858,0.43,0.044,0.191,-1.2804093,0.21240453
2004,2,-0.6,0.32,0.6,-0.5,1.12,0.63,-0.14,-0.21,-1.2,,-1.5285,0.36,0.114,0.19,0.61651164,-0.315763
2004,3,0.67,1.21,0.13,-1.28,-0.0,0.87,1.12,,-1.13,,0.3181,0.07,0.077,0.138,0.44650087,-0.11255443
2004,4,1.11,-0.34,0.49,1.23,0.25,0.9,1.04,,-1.73,,-0.4094,0.24,-0.079,0.089,0.40292653,-0.6830334
2004,5,0.23,-1.18,0.4,1.92,-1.46,-0.12,-1.53,,-1.2,,-0.0943,0.19,-0.565,-0.014,-0.4303762,-0.196432
2004,6,-0.59,0.67,2.08,3.36,-0.28,-0.06,-1.26,,0.14,,-0.2359,0.27,-0.384,0.158,-0.19640929,0.7962031
2004,7,1.16,-0.23,0.34,1.19,-0.33,-0.28,-0.5,,-1.6,,-0.2005,0.57,-0.301,0.208,-0.6729165,1.3161831
2004,8,-0.74,0.05,-0.03,0.07,1.52,-1.22,0.55,,1.48,-0.07,-0.7202,0.65,-0.133,0.297,-0.46623093,0.6249229
2004,9,0.52,0.09,0.26,-2.21,-0.11,-0.17,-0.21,,-0.66,-0.29,0.855,0.67,-0.106,0.221,0.2867229,0.81634825
2004,10,-0.69,-0.6,0.89,-0.71,-1.37,-0.43,0.55,,-0.49,,-0.5154,0.74,-0.004,0.222,-0.29806545,-0.9476192
2004,11,0.63,-1.45,0.65,-0.26,0.29,0.1,-0.97,,0.43,,0.6783,0.83,-0.153,0.201,1.0934947,0.032877862
2004,12,1.03,-1.19,0.2,,-0.04,0.24,0.13,1.11,0.02,,1.2301,0.82,-0.132,0.168,0.86252344,-1.2068627
2005,1,1.26,-1.77,-0.93,0.73,-0.62,0.08,-0.36,-0.4,-1.18,,0.3562,0.77,-0.124,0.091,0.39821595,1.6106863
2005,2,-0.51,-1.96,0.34,-0.29,-0.11,-0.65,0.74,-0.28,-0.51,,-1.2706,0.48,-0.56,0.106,-0.1330111,-0.33461738
2005,3,-2.32,0.95,-0.22,0.31,0.56,0.4,-0.69,,0.8,,-1.3479,0.55,-0.433,0.264,1.0389655,-0.38488212
2005,4,-0.47,1.54,-0.18,0.81,1.0,-0.02,0.17,,0.38,,-0.0462,0.4,0.084,0.272,-0.60052204,-0.43747872
2005,5,-1.11,1.03,-0.08,0.09,1.62,-1.3,-1.49,,-0.37,,-0.7634,0.33,-0.033,0.273,-1.1974666,0.12805556
2005,6,0.26,-1.6,0.79,1.43,0.42,0.36,-0.44,,-1.16,,-0.3832,0.27,-0.176,0.307,0.474061,0.7254573
2005,7,-0.48,0.92,-1.2,-1.11,-0.02,0.22,0.68,,0.24,,-0.0302,-0.02,-0.384,0.427,0.0030368567,0.90447474
2005,8,0.35,0.56,0.35,-0.6,0.69,-1.6,0.0,,0.37,-0.78,0.0261,0.07,-0.345,0.42,-0.01807475,1.2170626
2005,9,0.76,1.44,0.57,-1.98,1.32,-0.91,-0.5,,1.34,-0.04,0.8024,0.05,-0.534,0.399,0.31258786,0.59496933
2005,10,-0.55,0.57,1.0,-1.6,1.16,-0.88,0.48,,0.31,,0.0298,0.1,-0.436,0.218,0.0880155,-0.08268845
2005,11,-0.46,-0.36,-1.84,0.35,-0.74,-1.14,0.49,,0.25,,0.2277,-0.26,-0.272,0.12,-0.90515316,-1.020731
2005,12,-0.5,-1.22,-2.04,,1.07,-0.71,0.94,-0.28,0.03,,-2.1039,-0.65,-0.3,0.196,-0.0053486824,-0.08699876
2006,1,0.97,-1.03,0.71,-1.07,-0.1,0.82,2.11,-0.77,-1.86,,-0.1705,-0.69,-0.135,0.104,1.91971,-0.34215367
2006,2,-1.02,-0.59,2.06,0.57,-0.44,-0.61,0.12,1.29,0.54,,-0.1558,-0.63,-0.306,0.055,0.19377154,-0.66577363
2006,3,-1.75,-0.68,0.49,0.2,-0.56,1.52,-0.66,,-0.9,,-1.6038,-0.62,-0.226,0.04,-0.57016104,-0.7337142
2006,4,1.2,1.07,0.56,-1.57,0.2,-0.86,-0.11,,-1.6,,0.1383,-0.14,-0.015,0.177,-0.8861771,-0.39734092
2006,5,-1.01,1.15,0.19,-0.31,-1.03,-0.93,0.13,,0.07,,0.1558,0.02,-0.208,0.288,-0.7008225,-0.02254419
2006,6,1.15,0.02,-1.15,-0.49,-1.02,-1.07,-0.11,,-0.25,,1.0708,0.19,-0.059,0.313,0.020621538,0.46062014
2006,7,0.93,0.83,-1.0,-0.46,1.29,1.01,-0.66,,0.55,,0.1027,0.26,0.04,0.354,1.266189,1.3019892
2006,8,-2.35,-0.52,-0.16,0.13,-1.45,-0.97,1.89,,0.12,-0.13,-0.2652,0.51,0.229,0.381,-0.5550245,0.80935454
2006,9,-1.43,1.82,0.05,0.47,0.31,0.41,0.45,,1.73,0.19,0.6065,0.66,0.428,0.344,0.5210622,0.07229972
2006,10,-1.92,0.66,0.67,0.97,-0.76,0.5,1.22,,-0.5,,-1.0291,0.76,0.577,0.314,0.2507738,-0.23912267
2006,11,0.33,1.68,-1.84,-0.38,-1.34,-0.27,-0.45,,-0.97,,0.5213,0.99,0.501,0.269,0.0013873577,0.20060265
2006,12,1.15,1.0,1.18,,1.55,1.31,-0.04,0.33,0.54,,2.2817,1.08,0.172,0.151,1.2200152,0.39204872
2007,1,-0.25,1.51,1.81,-1.14,0.27,-0.0,-2.33,1.2,-0.19,,2.0338,0.69,0.225,0.151,0.2633161,0.44454002
2007,2,-0.98,1.68,0.15,0.93,-0.42,0.74,0.54,0.71,-1.14,,-1.3069,0.27,0.15,0.197,0.62018466,0.06456676
2007,3,1.11,0.21,-1.06,-1.27,-0.12,-0.02,0.53,,-0.08,,1.1821,0.06,0.115,0.107,-0.22246817,-0.16518894
2007,4,0.04,-1.23,-1.61,-0.19,0.97,1.53,-1.32,,-0.16,,0.5443,-0.01,0.1,0.139,1.475043,-0.4323178
2007,5,0.66,1.01,-0.66,-0.67,0.03,0.03,0.42,,0.01,,0.8937,-0.23,0.27,0.091,-0.5936866,0.25301486
2007,6,-1.01,0.55,-0.17,0.0,-0.3,0.11,1.05,,-0.44,,-0.555,-0.02,0.031,0.068,0.24669206,0.4883635
2007,7,-0.55,-0.03,-0.09,0.49,1.65,-0.3,-0.2,,-0.62,,-0.3965,-0.24,0.045,0.109,-0.88225955,1.4212813
2007,8,-0.31,0.07,0.02,-0.67,1.96,-1.7,-0.13,,1.67,-1.02,-0.0337,-0.53,0.237,0.035,-0.5518818,0.601382
2007,9,0.85,-0.52,1.2,-1.29,1.52,-0.77,-0.53,,0.89,-0.49,0.1789,-0.9,0.235,0.078,0.08975935,0.66883147
2007,10,1.0,-0.33,0.4,-1.96,0.77,-1.07,-0.16,,-0.81,,0.3835,-1.07,0.068,0.138,0.451306,-0.34303775
2007,11,0.48,-2.07,-0.04,0.68,0.65,-0.5,-0.81,,-0.65,,-0.5187,-1.36,-0.023,0.156,0.82172006,-0.6663121
2007,12,0.23,-0.12,0.37,,-0.16,0.28,0.43,0.96,-0.15,,0.8211,-1.42,-0.227,0.091,0.64807856,0.56183815
2008,1,0.53,-0.35,0.92,-1.25,-1.06,-0.64,0.46,0.16,-0.35,,0.819,-1.6,0.115,0.01,-0.5798439,0.6406753
2008,2,0.38,0.47,0.01,-0.4,0.37,0.12,-0.21,0.75,0.26,,0.9381,-1.64,-0.072,0.108,1.470859,0.5510881
2008,3,-0.32,0.16,-1.35,-1.62,-0.61,-0.47,-1.76,,-0.07,,0.5856,-1.14,0.097,0.138,-1.3245203,-0.5295148
2008,4,-1.31,0.88,0.28,-0.5,-1.18,-0.38,0.18,,-0.55,,-0.455,-0.89,-0.153,0.022,-1.0552158,-0.5901906
2008,5,-1.55,-0.85,-0.66,0.21,1.25,0.71,0.53,,0.07,,-1.2047,-0.75,0.179,0.152,0.40842372,-1.1714075
2008,6,-1.09,0.85,-0.36,-1.13,-1.76,0.06,-0.15,,0.37,,-0.0898,-0.55,0.215,0.236,-0.16720796,0.7929441
2008,7,-1.24,0.85,0.02,-1.13,-0.51,0.53,1.33,,-0.54,,-0.4799,-0.17,0.246,0.186,-0.5470928,1.1469889
2008,8,-1.62,-0.08,-1.32,-0.36,0.89,-0.28,-0.28,,0.77,2.46,-0.0805,-0.15,0.124,0.155,-0.62635416,1.0472522
2008,9,1.14,-0.3,-0.83,-0.11,0.89,-0.77,1.16,,-0.31,0.55,-0.3266,-0.29,0.086,0.178,0.47509974,0.13187021
2008,10,0.47,0.08,0.19,-1.0,1.11,-0.9,-0.97,,1.37,,1.6758,-0.27,0.029,0.082,-0.73724616,-0.5557527
2008,11,-0.47,-0.89,0.33,0.65,1.05,-1.28,-0.71,,0.58,,0.0922,-0.39,-0.128,-0.019,-0.34748775,-1.1426651
2008,12,-0.35,-1.44,1.01,,-1.71,-1.46,0.38,1.73,-0.48,,0.6478,-0.74,-0.053,-0.002,-0.27523988,-1.1842467
2009,1,-0.52,1.13,0.01,-0.18,0.13,-1.33,0.06,1.96,0.57,,0.7997,-0.86,0.031,-0.079,-0.06415784,-2.0035057
2009,2,-0.38,-0.72,1.71,0.32,-1.57,-1.17,0.53,0.25,-0.08,,-0.6723,-0.65,0.163,-0.185,-0.24820048,-0.8208685
2009,3,0.19,-1.34,0.22,-1.12,-1.29,0.18,-0.51,,-0.71,,0.1213,-0.58,0.1,-0.18,-0.21649134,-0.8612157
2009,4,-0.36,0.26,0.02,0.49,-0.04,1.26,-0.12,,1.5,,0.9725,-0.15,0.126,-0.151,1.1938425,-0.6077634
2009,5,1.61,1.12,-0.67,1.31,-0.43,0.21,0.38,,-0.59,,1.1937,0.22,0.257,-0.082,-0.06421813,0.07543082
2009,6,-0.91,-1.05,-1.74,-0.39,0.48,1.23,0.27,,0.15,,-1.3507,0.54,0.1,0.101,-0.6247294,0.4510852
2009,7,-2.11,0.33,1.2,1.65,0.72,0.7,-1.13,,-0.83,,-1.3559,0.6,-0.192,0.208,-0.4628108,1.2077181
2009,8,-0.37,1.85,0.66,-1.39,0.62,-0.3,-0.21,,-0.15,-0.48,-0.0537,0.61,-0.104,0.132,0.12541938,0.7312018
2009,9,1.62,0.59,-1.02,-1.02,1.03,-0.22,-0.8,,0.46,2.32,0.8745,0.63,-0.103,0.037,0.6235838,0.29064676
2009,10,-0.61,0.96,-2.05,0.7,0.64,0.34,-0.74,,-1.98,,-1.5399,0.97,-0.013,0.144,0.030872643,0.15641187
2009,11,-0.16,1.48,1.27,-1.62,0.19,-0.42,0.82,,-0.56,,0.4589,1.38,-0.067,0.049,-1.6689118,-0.5400988
2009,12,-1.88,0.93,-1.07,,0.04,-0.82,0.86,-0.65,-1.41,,-3.4128,1.59,0.16,0.062,-0.70125663,-2.2055254
2010,1,-1.8,0.38,0.47,-0.58,0.96,-0.55,1.23,-1.33,0.16,,-2.5868,1.33,0.294,0.019,-0.17782664,-1.8747761
2010,2,-2.69,1.25,0.23,-0.51,0.48,-1.02,1.04,-1.29,-1.88,,-4.2657,1.2,0.023,0.157,-1.3526046,-2.5608382
2010,3,-1.33,1.23,1.83,-1.63,1.68,1.08,-0.4,,-1.16,,-0.4321,0.93,0.458,0.267,0.4609663,-0.42354688
2010,4,-0.93,0.09,0.88,-1.21,1.26,-0.67,-0.33,,-0.4,,-0.2745,0.59,0.37,0.405,-0.11595439,-0.0860534
2010,5,-1.33,-1.39,-2.5,-0.15,-0.73,-2.05,0.47,,-1.75,,-0.9186,0.0,-0.029,0.439,-0.9417517,-0.19351256
2010,6,-0.52,0.34,-0.08,1.5,-0.1,-1.91,-0.55,,2.11,,-0.013,-0.38,-0.14,0.427,-0.14202154,0.25753558
2010,7,-0.39,1.8,-2.38,-0.22,0.89,-1.42,0.79,,1.45,,0.4353,-0.8,-0.001,0.429,-0.57945025,1.1476486
2010,8,-1.69,1.17,0.41,-1.48,1.07,-0.77,-0.3,,1.14,-1.2,-0.1166,-1.08,-0.061,0.505,-0.9919243,1.2586246
2010,9,-0.62,0.55,0.05,-0.34,1.07,-1.08,0.5,,0.05,0.59,-0.8646,-1.34,-0.267,0.428,-0.30439627,0.21642956
2010,10,-0.5,-0.78,0.67,-0.58,2.15,-0.03,0.33,,-1.06,,-0.467,-1.49,-0.437,0.303,-0.11663294,-1.1303656
2010,11,-1.84,0.24,-0.33,0.27,-0.81,-0.96,-0.08,,1.17,,-0.3757,-1.39,-0.495,0.215,-1.3494644,-2.1268132
2010,12,-1.8,-0.49,-1.26,,-2.08,-1.99,0.6,-2.87,0.49,,-2.631,-1.43,-0.212,0.187,-0.87364346,-1.5936403
2011,1,-1.53,-1.31,-1.37,-0.42,1.0,-0.38,-0.24,1.11,-0.4,,-1.6831,-1.4,0.191,0.123,-0.051187634,-0.30916095
2011,2,0.35,0.41,-0.13,-0.12,-2.41,0.58,0.3,0.79,0.12,,1.5754,-1.07,0.241,0.087,1.0849521,0.471297
2011,3,0.24,-0.77,-0.1,-0.03,0.38,0.08,-0.98,,0.95,,1.4241,-0.79,0.367,0.034,1.2903146,-0.9467013
2011,4,2.55,-0.59,-1.93,-0.63,-1.78,1.23,-0.4,,-0.33,,2.2748,-0.65,0.154,0.071,1.1320169,-0.096536785
2011,5,-0.01,-0.67,0.38,-1.18,0.25,-1.52,-1.08,,-0.58,,-0.0351,-0.46,-0.089,0.131,-0.37241912,0.2347792
2011,6,-0.98,-0.22,0.81,-0.48,0.35,-0.33,-0.57,,-1.05,,-0.8578,-0.21,0.055,0.157,-0.03899932,0.8527037
2011,7,-1.48,0.41,-0.27,-2.23,-0.75,-0.79,2.48,,-0.31,,-0.4716,-0.18,0.223,0.071,-0.9743271,0.6338446
2011,8,-1.85,1.04,-0.51,-0.67,1.4,0.97,0.24,,-0.29,1.04,-1.0626,-0.56,0.344,0.126,-0.40810823,0.7517672
2011,9,0.67,1.77,0.51,-0.53,-0.39,-0.29,-0.61,,-1.13,2.31,0.6647,-0.69,0.202,0.123,0.03216648,0.89167964
2011,10,0.94,-0.28,1.06,-0.81,0.86,0.12,-0.27,,0.3,,0.7998,-0.9,0.356,0.042,0.51239944,0.26702258
2011,11,1.3,-0.09,0.39,-1.34,-0.76,2.08,0.62,,-0.4,,1.4592,-0.92,0.336,-0.092,2.0734653,-1.3161117
2011,12,2.25,0.11,-0.39,,0.06,-0.5,0.53,0.71,0.73,,2.2208,-0.99,-0.128,-0.066,-1.2677857,0.56227684
2012,1,0.86,-1.76,-1.58,-1.92,0.13,-0.46,0.57,-0.21,-2.34,,-0.2197,-0.91,0.046,-0.086,-0.430609,1.0683892
2012,2,0.03,-1.73,1.01,-0.33,0.7,-0.64,0.34,0.36,0.19,,-0.0363,-0.64,-0.078,-0.017,1.0075984,0.5927744
2012,3,0.93,-0.64,0.82,-2.59,-0.19,1.35,-0.47,,-1.42,,1.0371,-0.53,0.026,0.005,2.735572,0.75395966
2012,4,0.37,-0.28,-0.29,0.31,-0.09,-1.59,-0.93,,-0.97,,-0.0346,-0.29,-0.271,0.059,-2.1708088,-1.7876183
2012,5,-0.79,0.52,-1.66,-1.46,-0.29,-0.47,-0.58,,-0.11,,0.1684,-0.21,-0.37,0.143,-0.44233721,0.28965372
2012,6,-2.25,-0.11,-1.39,-0.95,-0.42,0.01,-1.42,,-1.75,,-0.6724,0.05,0.0,0.279,-1.3156714,0.5705698
2012,7,-1.29,1.02,0.58,-1.01,-0.57,-1.43,-0.56,,1.01,,0.1678,0.23,0.546,0.354,-1.0340874,1.4810126
2012,8,-1.39,1.36,-0.07,0.63,-0.2,1.15,0.85,,0.98,1.01,0.014,0.45,0.652,0.41,-0.5237615,0.91738856
2012,9,-0.43,0.38,0.69,0.16,-0.39,-0.49,-0.93,,-0.7,0.83,0.7722,0.29,0.453,0.427,-0.018363357,0.18625948
2012,10,-1.73,-0.32,-2.53,0.58,-1.13,-1.01,-0.28,,-0.17,,-1.514,0.26,0.11,0.308,-0.8199427,-1.1293001
2012,11,-0.74,1.15,-2.02,0.12,-1.06,-0.59,0.68,,-0.19,,-0.1106,0.33,-0.099,0.144,-0.31426358,-1.4737909
2012,12,0.07,0.68,-0.58,,-1.31,-0.88,2.0,-1.3,0.35,,-1.7486,-0.01,0.267,0.12,-1.1389135,0.19666064
2013,1,-0.11,0.88,0.07,0.12,0.05,0.46,0.08,1.29,-1.86,,-0.6095,-0.3,-0.065,0.107,0.70127237,-0.59276867
2013,2,-0.96,0.14,1.49,-0.88,0.3,-1.28,1.0,0.87,0.34,,-1.0074,-0.37,0.189,0.094,-0.056554914,-1.182556
2013,3,-2.09,-0.24,0.59,0.7,-0.26,2.31,-0.57,,-1.9,,-3.1854,-0.23,0.083,0.137,-0.1734407,-2.6176162
2013,4,0.6,1.31,-1.86,1.24,-1.76,-0.4,-1.1,,-1.64,,0.3222,-0.09,-0.297,0.115,-0.9461403,-0.83079255
2013,5,0.58,0.14,-1.13,-0.26,-0.24,-2.06,0.48,,0.02,,0.494,-0.25,-0.506,0.08,-0.7586838,-0.10745773
2013,6,0.83,0.66,-0.47,1.68,-0.35,-2.3,0.3,,-0.01,,0.5487,-0.28,-0.497,0.025,-0.22219092,1.1708858
2013,7,0.7,0.63,-0.88,0.93,-0.71,-0.17,-0.03,,-0.3,,-0.0111,-0.23,-0.181,0.169,0.946867,1.4640256
2013,8,1.12,0.34,-0.17,-1.09,-0.06,-1.94,-0.82,,-0.03,0.76,0.1542,-0.34,-0.194,0.173,-0.111833334,1.1393747
2013,9,0.38,-0.57,1.93,-1.44,0.41,-0.58,0.38,,-1.59,0.85,-0.4609,-0.1,-0.31,0.233,0.29581183,0.4398278
2013,10,-0.88,1.39,-0.09,0.99,-0.21,0.63,0.67,,0.75,,0.2628,-0.15,-0.168,0.325,0.36957815,-0.3188749
2013,11,0.81,0.09,-0.04,1.16,-1.14,-0.88,-0.7,,2.58,,2.029,0.12,0.199,0.107,-0.34803662,-0.34479874
2013,12,0.79,1.2,-2.01,,-1.16,-0.36,-0.73,1.81,-0.83,,1.4749,-0.16,0.141,0.015,0.592385,0.6718105
2014,1,-0.17,1.37,0.54,1.11,0.59,-1.32,1.75,1.57,-0.79,,-0.9688,-0.25,-0.101,-0.083,-0.36473906,-1.7105238
2014,2,1.07,2.23,-1.37,0.31,-1.57,-1.93,1.1,0.27,-1.86,,0.0438,-0.23,-0.089,-0.064,-1.4558988,-1.0329704
2014,3,0.44,0.92,-0.43,1.24,-0.5,-0.11,-0.47,,0.04,,1.2058,0.12,-0.151,-0.103,0.5820383,0.052332386
2014,4,0.19,0.52,-1.36,0.05,-0.0,1.23,-0.66,,1.02,,0.972,0.44,-0.058,-0.116,0.86061645,-0.57518035
2014,5,-0.8,0.38,-0.85,0.77,-0.59,-1.45,-0.49,,0.98,,0.4642,0.53,-0.092,-0.023,-0.95414704,0.0584609
2014,6,-0.67,-1.03,-0.3,-0.69,-1.44,0.03,0.19,,-0.01,,-0.5074,0.41,-0.028,0.04,0.04817891,0.22347426
2014,7,0.21,0.58,-1.63,0.33,0.5,-0.31,1.56,,-0.93,,-0.4889,0.13,-0.363,0.2,0.8086826,0.49895287
2014,8,-2.28,0.75,-0.77,-1.03,1.35,-1.69,-0.59,,1.57,0.96,-0.3715,0.15,-0.372,0.313,-1.3470618,0.6024806
2014,9,1.72,0.2,-1.23,0.2,0.78,0.47,1.14,,1.1,0.93,0.1019,0.31,-0.145,0.288,1.17995,-0.2885248
2014,10,-0.87,1.02,-0.32,-0.66,1.14,-0.37,1.11,,-1.03,,-1.1344,0.45,0.141,0.27,0.7225581,-0.23615849
2014,11,0.58,0.43,0.13,3.21,0.64,1.28,1.77,,1.75,,-0.5303,0.84,0.009,0.043,-0.27816752,-2.5691495
2014,12,1.63,-0.59,-0.13,,0.37,-0.44,-0.4,-0.18,-0.93,,0.4129,0.78,0.046,0.037,0.19652826,0.08288884
2015,1,1.57,1.11,-0.22,1.27,0.14,-0.24,-0.18,0.38,-0.03,,1.0916,0.63,-0.1,-0.03,-0.09329808,0.13006353
2015,2,1.05,-0.04,-1.37,1.18,0.49,-0.92,-0.37,0.66,2.09,,1.0426,0.67,-0.345,-0.026,-0.14421272,-0.6295503
2015,3,1.12,1.2,0.41,1.13,-0.52,0.27,0.39,,0.68,,1.8374,0.74,-0.241,-0.151,-0.092535615,-0.17458785
2015,4,0.64,0.88,1.23,-0.35,-0.39,1.12,-1.49,,-0.88,,1.2157,1.07,-0.008,-0.093,0.7336513,0.10614747
2015,5,0.19,0.71,2.14,0.49,-0.05,-1.5,-2.15,,0.5,,0.7628,1.1,0.24,0.023,-1.0045875,0.4879205
2015,6,0.24,1.06,-0.03,1.72,-0.07,-0.78,-1.52,,-0.2,,0.427,1.23,0.296,0.007,-0.46703267,0.7077472
2015,7,-3.14,0.22,0.77,0.23,0.29,2.01,-1.11,,0.39,,-1.1079,1.35,0.225,0.11,0.08855742,0.68606925
2015,8,-1.1,1.08,-1.5,-0.28,0.05,-0.37,0.87,,0.13,-1.24,-0.689,1.49,0.568,0.156,0.46888447,0.46566838
2015,9,-0.49,0.15,-1.38,-1.38,-0.8,-1.67,1.09,,-0.13,0.1,-0.1645,1.67,0.294,0.278,-0.20488054,0.099147975
2015,10,0.99,0.22,-0.75,0.33,2.12,0.59,0.62,,-0.47,,-0.2501,1.91,0.482,0.302,1.796438,-0.5012609
2015,11,1.7,1.55,0.77,-0.94,-0.2,0.56,-0.4,,-0.66,,1.945,2.21,0.347,0.164,0.54536045,1.3536451
2015,12,1.99,3.14,0.56,,0.47,1.28,0.08,0.01,0.58,,1.4441,2.13,0.272,0.207,1.5385768,1.6262517
2016,1,-0.37,1.01,0.96,-0.35,1.94,-0.5,-0.68,-0.25,-2.63,,-1.4487,2.13,0.265,0.209,-0.7486954,-0.40258396
2016,2,1.35,1.85,1.61,0.23,1.68,-2.39,-0.54,0.18,-2.33,,-0.0235,1.87,-0.11,0.133,-1.5328194,-1.0765591
2016,3,0.37,0.71,-0.2,0.24,0.41,0.26,-0.23,,-0.23,,0.2802,1.5,-0.008,0.166,0.16310084,-0.8339546
2016,4,0.26,0.97,-0.26,1.47,0.6,-0.5,-0.11,,-1.59,,-1.0511,1.08,0.146,0.155,-1.0463512,-0.76405406
2016,5,-0.67,0.22,0.62,0.14,-0.85,-1.99,1.05,,-0.36,,-0.0357,0.63,-0.113,0.322,-0.20146888,-0.43046373
2016,6,-0.13,0.41,-0.62,1.26,-0.64,-1.85,-0.95,,-1.07,,0.3129,0.37,-0.443,0.387,-0.084679306,0.5880569
2016,7,-1.72,1.82,-1.42,-0.36,0.53,-1.01,-0.7,,-0.24,,0.0848,0.01,-0.757,0.41,-0.2740723,1.5057312
2016,8,-2.24,2.08,-0.37,-0.42,-0.91,-3.3,-0.44,,2.43,-0.76,0.4724,-0.1,-0.443,0.434,-0.7748674,1.3310173
2016,9,0.74,3.48,-1.75,-1.41,0.11,0.13,-0.99,,-1.31,1.04,0.781,-0.21,-0.437,0.435,1.188022,0.7352138
2016,10,0.96,0.42,0.54,-0.84,1.53,-1.33,1.05,,-2.94,,-1.9173,-0.39,-0.371,0.358,0.9941235,-0.40984142
2016,11,-0.31,-0.45,1.01,-1.43,1.44,-0.93,-0.06,,-2.78,,-0.6109,-0.37,-0.382,0.368,0.16095683,-1.3697277
2016,12,0.35,0.87,0.97,,-0.65,1.52,-1.18,0.95,-1.1,,1.7864,-0.17,-0.31,0.313,2.8776138,0.544958
2017,1,0.05,-1.15,0.55,0.39,-0.29,0.63,0.17,-0.34,0.96,,0.942,-0.23,-0.086,0.203,1.3395265,-0.8330281
2017,2,0.69,0.58,-0.15,0.21,-0.05,1.14,0.67,-0.11,-0.38,,0.3399,0.22,0.101,0.204,1.0291084,-1.054039
2017,3,0.37,1.03,-2.13,-1.04,-0.03,-1.02,-1.02,,0.73,,1.3654,0.18,0.357,0.145,-0.12103453,0.49442226
2017,4,1.74,-0.62,-0.36,1.04,0.14,0.71,-1.45,,-1.37,,-0.0887,0.35,0.498,0.26,0.36729124,0.19064963
2017,5,-1.72,0.54,0.68,-0.72,-0.19,1.48,0.95,,0.46,,-0.7301,0.4,0.536,0.292,0.70160913,-0.0148487985
2017,6,0.35,2.03,-0.75,0.5,1.18,0.34,-1.43,,-0.11,,0.4017,0.45,0.424,0.285,0.3786587,0.1419422
2017,7,1.28,1.83,0.46,0.0,1.33,-0.58,0.03,,-0.05,,0.6342,0.38,0.52,0.28,-0.2644325,1.1685694
2017,8,-1.53,2.02,-1.38,-1.65,0.2,-2.93,-1.57,,1.83,1.46,0.15,0.05,0.349,0.287,-0.7255839,0.93173206
2017,9,-0.45,1.58,-1.23,-0.46,-0.32,-2.52,0.46,,-1.66,1.24,-0.4924,-0.2,0.035,0.328,-0.6272187,0.3172592
2017,10,0.71,0.62,0.7,-0.58,-0.28,-0.02,0.3,,-1.17,,0.6903,-0.12,0.015,0.411,0.95332533,1.1215177
2017,11,-0.14,0.12,0.7,0.41,-1.98,-1.21,-0.08,,-2.23,,-0.0776,-0.44,0.289,0.329,-0.57490695,-0.3971362
2017,12,0.73,-0.5,0.33,,0.58,-1.63,-0.48,1.04,-1.95,,-0.059,-0.65,0.11,0.341,-0.91181946,0.34980893
2018,1,1.17,0.55,0.43,0.66,-0.14,-1.62,0.44,-0.33,-1.48,,-0.2808,-0.64,-0.2,0.15,-1.0460633,-0.04617405
2018,2,1.34,-1.38,0.4,0.23,-1.67,-1.4,0.43,2.2,-2.24,,0.1127,-0.48,0.216,0.04,-0.27407217,-1.4464438
2018,3,-1.38,-0.62,0.84,0.3,-1.16,4.03,-0.81,,0.07,,-0.9411,-0.49,-0.12,0.109,-0.19464266,-2.3559399
2018,4,1.2,1.13,-0.67,-0.18,-1.12,0.49,0.32,,-1.3,,0.5439,-0.11,-0.083,0.041,0.20687795,-0.7999025
2018,5,2.02,-0.07,-0.19,-0.98,-1.09,-1.45,1.69,,-0.28,,1.1796,0.18,0.122,-0.023,0.863948,0.2571944
2018,6,1.41,-0.54,-0.44,0.05,0.66,-0.24,-0.77,,-0.93,,0.3799,0.31,0.155,-0.034,1.2918117,0.38224965
2018,7,1.42,2.36,-0.81,-0.16,-0.76,-2.16,2.27,,-0.15,,0.6118,0.39,0.053,-0.005,0.0324229,0.84033877
2018,8,2.4,1.82,-1.38,-0.78,1.24,-0.47,-1.05,,0.01,-0.92,0.8361,0.35,0.121,0.09,0.097180605,0.9418225
2018,9,1.78,0.15,-1.78,-0.83,1.16,-1.76,-0.74,,0.48,-1.55,0.5845,0.5,0.604,0.139,-0.040600657,0.7559574
2018,10,1.53,-0.39,-1.14,1.17,0.39,0.36,-1.11,,-1.31,,0.4128,1.01,0.684,0.121,0.8982226,-1.2296963
2018,11,-0.25,0.32,-0.61,1.42,0.22,1.51,1.89,,0.76,,-1.1162,1.15,0.5,-0.143,0.49567348,-1.1915126
2018,12,0.48,1.44,0.11,,0.56,-0.43,1.35,-0.62,1.54,,0.1097,1.1,0.309,-0.083,-0.15164618,0.9985881
2019,1,0.18,-1.67,1.05,1.07,0.42,0.72,-0.09,0.34,0.08,,-0.7132,0.88,0.387,-0.037,0.49742824,-0.32198435
2019,2,-0.11,-0.12,2.09,1.2,-1.73,0.45,-0.4,1.64,0.69,,1.1495,0.87,0.416,0.058,1.3300833,1.2505248
2019,3,0.89,0.94,0.88,2.11,-0.05,-1.15,-0.93,,0.93,,2.1161,0.92,0.225,0.099,0.17658138,1.008075
2019,4,0.36,-0.96,-1.3,0.67,-0.84,0.82,2.09,,-0.37,,-0.2553,0.82,0.258,0.101,0.2806826,-1.446667
2019,5,-2.38,-0.64,-0.63,0.32,-0.17,-0.7,-0.11,,-0.78,,-1.2313,0.83,0.54,0.065,-0.6697443,-0.025273293
2019,6,-0.79,1.28,-1.92,1.74,0.24,0.3,-0.16,,-0.46,,-0.6013,0.8,0.605,0.151,-0.017989337,0.04542786
2019,7,-1.39,0.08,-0.27,0.1,0.62,1.02,-0.69,,-1.48,,-0.8897,0.65,0.597,0.329,0.33863866,0.46738446
2019,8,-1.62,1.93,-2.19,-1.18,1.16,-1.68,-2.09,,0.33,-0.91,-0.7218,0.35,0.436,0.315,0.007071793,0.770964
2019,9,-0.01,2.19,0.86,-1.5,1.62,0.79,-0.52,,-0.07,0.25,0.3062,0.18,0.892,0.223,0.877916,0.48318166
2019,10,-1.03,0.67,-0.81,-0.47,-0.97,-0.52,0.16,,-0.2,,-0.0822,0.78,0.964,0.136,-0.5777569,-0.15795067
2019,11,0.16,0.07,-0.12,1.93,-0.07,-0.59,1.45,,0.98,,-1.1934,0.82,0.835,0.087,-1.4964538,-2.0506089
2019,12,1.02,0.81,0.74,,-0.12,0.15,0.84,-0.22,-0.43,,0.4121,0.73,0.243,0.142,-0.32021976,-0.5109485
2020,1,1.05,1.74,0.69,-0.6,-0.95,0.66,-0.55,-0.87,0.16,,2.419,0.84,0.173,0.073,1.472377,0.5549331
2020,2,0.98,1.38,1.46,-1.79,-0.07,-0.06,-2.69,1.69,-0.39,,3.4172,0.67,0.054,0.333,-0.45216453,1.1316526
2020,3,0.66,-0.11,1.29,0.44,-2.41,0.57,-0.88,,1.75,,2.6414,0.65,0.019,0.346,-0.35197988,-0.13330008
2020,4,-1.26,0.58,-1.34,1.54,-1.38,1.82,-1.52,,0.45,,0.9281,0.66,-0.011,0.347,1.3426867,-0.61925125
2020,5,-0.33,0.06,0.12,0.04,0.27,-0.55,-2.37,,-1.11,,-0.0271,0.05,0.298,0.243,-0.08860046,-0.0717548
2020,6,0.16,-0.08,-1.25,-0.69,0.86,-2.01,0.58,,-0.24,,-0.1218,-0.05,0.455,0.249,-0.1606406,0.13117796
2020,7,-1.19,0.46,-0.54,-1.97,1.2,-0.68,-2.29,,-0.08,,-0.4118,0.08,0.319,0.341,-0.82960784,1.3575826
2020,8,0.03,1.57,-0.21,-2.39,1.8,0.64,-1.56,,-0.51,0.54,-0.3812,-0.29,-0.183,0.425,0.21131146,0.7381435
2020,9,1.11,1.95,-2.44,0.06,0.59,-0.94,-0.47,,0.32,1.53,0.6314,-0.66,-0.189,0.296,0.5551714,0.76533014
2020,10,-0.2,-0.23,-1.18,0.57,-1.08,-1.82,1.45,,-1.01,,-0.0717,-0.9,0.074,0.289,-1.1139859,-0.100718796
2020,11,2.54,0.05,0.72,-0.66,0.21,0.08,-0.11,,-0.57,,2.0864,-0.89,0.02,0.113,0.67458546,0.48408556
2020,12,-0.37,-0.8,0.99,,1.28,-1.11,2.33,0.17,0.09,,-1.736,-1.02,0.031,0.163,-1.7913474,-1.6647375
2021,1,-1.8,-0.04,2.45,-0.71,-0.41,-1.34,0.31,-0.07,-1.59,,-2.4836,-1.12,0.051,0.126,-0.80026186,-1.4751164
2021,2,-0.29,1.22,0.76,-0.8,-0.71,0.83,0.31,1.27,-3.23,,-1.1907,-1.0,0.243,0.139,1.2528555,-0.66048884
2021,3,0.36,-0.18,2.05,-1.29,-1.24,2.98,-0.93,,0.63,,2.1092,-0.64,0.267,0.112,1.4995494,0.55462563
2021,4,-1.69,0.31,-0.12,0.8,-1.26,-0.43,-1.16,,-0.2,,-0.2044,-0.47,0.25,0.054,-0.5574005,-1.1553276
2021,5,-1.1,0.8,0.18,0.0,-1.1,-1.22,-1.06,,-0.5,,-0.1606,-0.25,0.009,0.072,-2.2317207,0.20937061
2021,6,1.08,1.02,-0.82,-0.26,0.82,-1.77,-0.11,,0.86,,0.8446,-0.03,-0.002,0.139,-0.0399369,0.02026549
2021,7,0.06,2.16,-0.44,-1.28,0.11,-0.49,1.48,,0.84,,0.6302,-0.18,-0.229,0.21,0.091869116,0.7723861
2021,8,-0.49,1.08,-1.94,-1.82,0.93,-2.37,-1.4,,-0.51,-1.17,-0.2093,-0.36,-0.099,0.245,-0.6573353,0.6768523
2021,9,-0.06,1.7,-0.65,-1.89,0.33,0.53,-0.14,,-0.96,2.19,-0.2516,-0.49,-0.058,0.402,1.2904986,0.38033846
2021,10,-1.98,0.86,1.74,-2.42,1.41,-0.62,-0.18,,-0.52,,-0.1458,-0.74,-0.091,0.475,-0.10976443,0.18211132
2021,11,-0.33,-0.91,-0.15,0.34,0.68,0.01,-0.77,,0.51,,0.093,-0.69,0.069,0.445,0.7334374,-1.4534101
2021,12,0.18,-0.06,0.48,,-2.85,-0.04,0.32,-0.25,-0.51,,0.1981,-0.89,-0.12,0.252,0.33455002,-0.13341045
2022,1,0.74,-1.42,-1.44,0.51,0.65,1.11,-0.93,0.66,-0.35,,0.8483,-0.56,-0.056,0.176,1.5775713,1.4536957
2022,2,1.46,0.22,-0.39,-0.9,0.58,-0.92,-2.07,1.76,-1.63,,1.5444,-0.55,-0.082,0.133,-0.3428728,0.97895443
2022,3,0.4,1.45,0.58,0.35,-0.16,1.41,0.96,,-0.52,,0.3052,-0.67,-0.093,0.009,1.5440569,-1.2853248
2022,4,-0.54,-0.93,0.31,-0.73,-0.96,-0.09,-0.72,,-1.16,,-0.6026,-0.74,-0.068,0.11,-0.35796377,-0.6643703
2022,5,0.71,0.18,-1.38,-0.34,-0.64,0.9,-1.5,,-0.25,,1.2235,-0.78,-0.122,0.197,0.50345224,0.045453697
2022,6,0.19,0.51,-1.66,-0.04,-0.22,-0.51,0.04,,-1.28,,-0.0742,-0.52,-0.335,0.199,0.26556534,0.4851588
2022,7,-0.06,1.42,-0.52,-1.64,1.96,-1.17,-0.54,,0.03,,0.0249,-0.5,-0.195,0.136,0.25059128,1.5108414
2022,8,1.76,1.37,-0.41,-1.11,0.76,-3.43,0.99,,-0.35,1.17,-0.17,-0.8,-0.246,0.358,-0.27166533,0.5719756
2022,9,-1.42,-1.17,1.82,-0.81,0.13,-1.05,0.5,,-0.57,1.37,-0.6552,-0.93,-0.322,0.662,-0.16807222,-0.47241116
2022,10,-0.27,0.21,1.04,-0.06,0.35,-0.74,-0.17,,1.12,,1.3457,-0.83,-0.691,0.483,0.11252731,0.6005435
2022,11,0.59,1.24,0.34,0.42,-0.71,0.8,1.6,,-0.3,,0.3389,-0.74,-0.269,0.282,0.08783966,-0.22918418
2022,12,-0.22,-0.01,-0.02,,-0.96,-1.15,0.91,-0.7,-1.2,,-2.7192,-0.63,-0.091,0.218,-1.1044704,-1.3021982
2023,1,0.95,-1.0,1.99,1.36,-0.37,-0.61,0.74,-0.38,-1.07,,-0.6743,-0.57,0.11,0.192,-0.44875163,0.2342025
2023,2,0.6,-0.81,2.5,-0.47,-1.15,1.54,-0.71,1.67,-0.93,,1.6004,-0.47,0.157,,2.139973,0.46835244
2023,3,-1.57,0.49,0.65,0.39,-1.89,1.99,-2.07,,0.9,,0.2803,-0.08,0.414,,-0.79509676,0.25864336
2023,4,-0.83,-0.15,-0.24,-0.67,-0.65,-0.22,1.34,,-0.7,,-0.9731,0.25,0.56,,-0.54963183,-0.04237905
2023,5,0.41,-0.14,1.02,-0.79,-0.67,-2.21,-1.12,,1.91,,1.1343,0.49,0.443,,-0.010354519,0.07235968
2023,6,-0.28,-1.12,0.33,-1.92,0.84,0.37,0.8,,0.18,,-0.2862,0.86,0.665,,0.8427509,0.15460807
2023,7,-2.14,1.78,1.33,0.76,0.65,-1.83,-0.62,,0.04,,-0.1545,0.97,0.498,,-1.0926654,0.8423926
2023,8,-1.62,2.05,-0.37,-1.16,0.42,-2.35,-1.07,,-1.05,0.12,-0.6023,1.2,0.826,,-0.27342504,0.5269802
2023,9,-0.28,2.72,1.34,-2.58,0.84,-2.14,-0.25,,0.78,1.19,0.3181,1.41,0.946,,0.29005814,0.555675
2023,10,-1.7,1.2,-0.83,0.31,1.49,0.61,-0.58,,-0.07,,-0.4139,1.51,0.804,,0.22411959,-0.51138115
2023,11,-0.47,1.19,0.59,0.39,0.51,0.13,-0.11,,0.3,,-0.0358,1.86,0.92,,-1.1706723,-0.39725706
2023,12,1.7,1.51,1.21,,0.91,0.08,0.67,-1.08,-0.52,,-0.2215,1.76,0.852,,0.121148825,0.65006644
2024,1,-0.27,2.58,0.67,0.08,-0.08,0.55,-1.21,-0.26,-0.91,,-0.2103,1.64,0.765,,0.9434634,0.069779515
2024,2,0.79,1.7,1.56,-0.51,-0.18,-0.21,-0.55,-0.31,-1.84,,0.6348,1.39,0.327,,0.29189295,-0.7153514
2024,3,-0.63,1.55,0.97,0.47,0.15,1.08,0.82,,0.24,,-0.6102,1.04,0.421,,-0.49708152,-1.7138262
2024,4,-0.99,2.96,0.73,-0.33,-0.88,-0.74,-0.69,,0.42,,0.4645,0.98,0.44,,-1.234207,0.330679
2024,5,-0.36,-0.16,-0.27,-0.95,-2.33,0.3,0.85,,-0.62,,-0.048,0.5,0.298,,0.8051662,-0.49670607
2024,6,0.22,1.32,-1.29,1.25,1.14,-2.32,-1.24,,-1.0,,0.1364,0.37,0.197,,-0.70959044,0.48586196
2024,7,1.48,2.39,-0.77,-0.49,2.01,-0.41,-1.61,,-0.13,,0.5868,0.4,0.033,,-0.32431674,1.0808032
2024,8,0.69,3.67,1.06,-2.62,-1.04,-0.25,-1.18,,-1.34,-0.81,1.2836,0.19,0.267,,0.39623332,0.3660252
2024,9,-1.25,1.26,1.38,-2.75,1.08,-3.38,0.41,,0.3,1.6,-0.6237,-0.1,0.115,,-0.5632769,-0.07999104
2024,10,0.1,0.97,0.91,-1.78,0.2,-1.35,1.11,,-1.01,,0.5248,-0.01,-0.196,,0.07345486,-0.57067853
2024,11,-0.38,1.1,-0.2,-0.59,0.05,1.1,-0.79,,-0.35,,-0.0374,-0.03,-0.382,,0.9860625,0.020409107
2024,12,1.03,-0.08,-0.33,,1.39,0.01,-0.63,0.22,-0.61,,-0.3355,-0.52,-0.331,,1.0960293,0.8642318
2025,1,-1.12,2.7,1.02,-0.35,0.7,-1.34,-0.72,2.06,0.21,,-0.0694,-0.64,-0.196,,-0.05983138,-0.71616757
2025,2,1.36,0.65,0.32,0.58,1.59,0.26,1.38,1.3,-2.89,,-0.8645,-0.42,0.017,,0.35580552,-0.13058102
2025,3,-0.09,0.81,0.77,0.67,-0.39,0.15,-0.18,,-0.03,,0.5564,0.04,0.058,,0.6837621,-1.8998804
2025,4,0.05,0.44,-0.83,-0.61,-1.08,0.53,-0.88,,-0.69,,0.2677,-0.05,0.149,,0.7357723,-0.5199524
2025,5,0.5,-0.04,-0.49,-1.65,-1.38,-0.21,-0.69,,-0.97,,0.9042,0.07,0.107,,-0.053926528,-0.08028343
2025,6,1.01,1.7,1.27,0.97,-1.07,-1.86,-2.2,,0.17,,1.1343,0.15,-0.014,,0.15732557,0.9835303
2025,7,0.51,1.83,-0.58,0.44,0.27,-0.22,1.11,,0.74,,0.4999,0.14,-0.072,,0.25002038,1.0575999
2025,8,0.21,1.71,-0.31,-2.22,-0.39,-1.36,-1.6,,-2.64,-0.3,0.0362,-0.15,-0.42,,0.37236416,0.5893701
2025,9,-0.63,3.6,1.22,-1.54,0.63,-2.2,0.52,,0.11,1.9,0.0481,-0.32,-0.467,,-0.34644657,0.6090484
2025,10,-0.53,0.08,0.33,-1.7,1.73,-1.01,-0.84,,-0.85,,0.0642,-0.42,-0.448,,-0.18830344,-0.23208944
2025,11,-0.96,1.06,0.47,1.31,0.74,0.29,0.09,,0.58,,-0.4668,-0.54,-0.256,,-0.6773108,-0.7672777
2025,12,-0.69,0.06,0.08,,-1.71,-0.18,0.49,1.1,-0.7,,0.2669,-0.39,-0.017,,1.1570554,-1.0552025
2026,1,-0.93,0.5,0.07,0.38,0.36,-1.33,0.67,1.43,-1.4,,-2.0482,-0.4,0.123,,-1.0057502,-2.878583
2026,2,0.33,2.07,0.23,-0.47,-1.04,-0.63,-0.28,-0.15,-1.98,,-1.2559,-0.02,0.529,,-0.47977924,-1.2146446
2026,3,2.42,-0.77,-2.13,-1.17,-1.99,1.67,-0.58,,-1.44,,2.0437,0.22,0.285,,,
2026,4,1.37,-0.1,0.8,0.68,-1.46,0.53,-0.07,,-1.29,,0.2541,0.74,0.279,,,
2026,5,-0.64,0.7,0.97,-0.65,-1.03,-0.43,-0.43,,0.39,,0.5448,1.09,0.146,,,
2026,6,0.41,0.85,-2.05,1.57,-0.42,-1.51,-2.4,,-2.49,,0.6601,1.58,,,,
2026,7,-0.28,0.99,-0.69,-2.47,0.16,-1.78,-1.14,,1.33,,0.3035,1.73,,,,
2026,8,,,,,,,,,,,,,,,,
2026,9,,,,,,,,,,,,,,,,
2026,10,,,,,,,,,,,,,,,,
2026,11,,,,,,,,,,,,,,,,
2026,12,,,,,,,,,,,,,,,,
